CASE;SERIAL;REF;QUESTNNR;MODE;STARTED;A001;A002;A003_01;A004;A005_01;A006_01;A007;A007_01;A007_02;A007_03;A007_04;A007_05;A007_06;A007_07;A101_01;A102_01;A103_01;A104_01;A105_01;A106_01;A107_01;A108_01;A109_01;A110_01;A111_01;A112_01;A113_01;A114_01;A115_01;A177_01;A201;A201_01;A201_04;A201_02;A201_05;A201_03;A201_06;A202;A202_01;A202_04;A202_02;A202_05;A202_03;A202_06;A203;A203_01;A203_04;A203_02;A203_05;A203_03;A203_06;A204;A204_01;A204_04;A204_02;A204_05;A204_03;A204_06;RG01_CP;RG01;RG09_01;RG09_02;RG09_03;RG09_04;RG09_05;RG09_06;RG09_07;RG09_08;RG09_09;RG09_10;RG09_11;RG09_12;RG09_13;RG09_14;RG09_15;V101_01;V101_02;V101_03;V101_04;V101_05;V101_06;V101_07;V101_08;V101_09;V101_10;V101_11;V101_12;V101_13;V101_14;V101_15;V102_01;V102_02;V102_03;V102_04;TIME001;TIME002;TIME003;TIME004;TIME005;TIME006;TIME007;TIME008;TIME009;TIME010;TIME011;TIME012;TIME013;TIME014;TIME015;TIME016;TIME017;TIME018;TIME019;TIME020;TIME021;TIME022;TIME_SUM;MAILSENT;LASTDATA;STATUS;FINISHED;Q_VIEWER;LASTPAGE;MAXPAGE;MISSING;MISSREL;TIME_RSI
Interview number (sequential);Serial number (if provided);Reference (if provided in link);Questionnaire that has been used in the interview;Interview mode;Time the interview has started (Europe/Berlin);Age;Gender;Experience: My experience can be described as;Knows Magic;Time Playing Magic: I have played MTG for;English Understanding: [No Description] 01;MTG formats: Residual option (negative) or number of selected options;MTG formats: Standard;MTG formats: Pioneer;MTG formats: Modern;MTG formats: Legacy;MTG formats: Pauper;MTG formats: Commander;MTG formats: Limited;01_Perceived Card Strength: I think the card is;02_Perceived Card Strength: I think the card is;03_Perceived Card Strength: I think the card is;04_Perceived Card Strength: I think the card is;05_Perceived Card Strength: I think the card is;06_Perceived Card Strength: I think the card is;07_Perceived Card Strength: I think the card is;08_Perceived Card Strength: I think the card is;09_Perceived Card Strength: StreI think the card is;10_Perceived Card Strength: I think the card is;11_Perceived Card Strength: I think the card is;12_Perceived Card Strength: I think the card is;13_Perceived Card Strength: I think the card is;14_Perceived Card Strength: I think the card is;15_Perceived Card Strength: I think the card is;Final Comments: [01];01_Card Description: Residual option (negative) or number of selected options;01_Card Description: cute;01_Card Description: mighty;01_Card Description: friendly;01_Card Description: heroic;01_Card Description: harmless;01_Card Description: powerful;02_Card Description: Residual option (negative) or number of selected options;02_Card Description: cute;02_Card Description: mighty;02_Card Description: friendly;02_Card Description: heroic;02_Card Description: harmless;02_Card Description: powerful;03_Card Description: Residual option (negative) or number of selected options;03_Card Description: cute;03_Card Description: mighty;03_Card Description: friendly;03_Card Description: heroic;03_Card Description: harmless;03_Card Description: powerful;04_Card Description: Residual option (negative) or number of selected options;04_Card Description: cute;04_Card Description: mighty;04_Card Description: friendly;04_Card Description: heroic;04_Card Description: harmless;04_Card Description: powerful;Groups: Complete clearances of the ballot, yet;Groups: Code drawn;StimuliOrder: 1;StimuliOrder: 2;StimuliOrder: 3;StimuliOrder: 4;StimuliOrder: 5;StimuliOrder: 6;StimuliOrder: 7;StimuliOrder: 8;StimuliOrder: 9;StimuliOrder: 10;StimuliOrder: 11;StimuliOrder: 12;StimuliOrder: 13;StimuliOrder: 14;StimuliOrder: 15;01_CAS_variation: page1;01_CAS_variation: page2;01_CAS_variation: page3;01_CAS_variation: page4;01_CAS_variation: page5;01_CAS_variation: page6;01_CAS_variation: page7;01_CAS_variation: page8;01_CAS_variation: page9;01_CAS_variation: page10;01_CAS_variation: page11;01_CAS_variation: page12;01_CAS_variation: page13;01_CAS_variation: page14;01_CAS_variation: page15;Manipulation_variation: page 1;Manipulation_variation: page 2;Manipulation_variation: page 3;Manipulation_variation: page 4;Time spent on page 1;Time spent on page 2;Time spent on page 3;Time spent on page 4;Time spent on page 5;Time spent on page 6;Time spent on page 7;Time spent on page 8;Time spent on page 9;Time spent on page 10;Time spent on page 11;Time spent on page 12;Time spent on page 13;Time spent on page 14;Time spent on page 15;Time spent on page 16;Time spent on page 17;Time spent on page 18;Time spent on page 19;Time spent on page 20;Time spent on page 21;Time spent on page 22;Time spent overall (except outliers);Time when the invitation mailing was sent (personally identifiable recipients, only);Time when the data was most recently updated;Interview status marker;Has the interview been finished (reached last page)?;Did the respondent only view the questionnaire, omitting mandatory questions?;Last page that the participant has handled in the questionnaire;Hindmost page handled by the participant;Missing answers in percent;Missing answers (weighted by relevance);Completion Speed (relative)
124;;;starting_point;interview;2025-02-17 14:53:47;;;;1;;;;;;;;;;;;;;;;;;;;;;;;;;;;;;;;;;;;;;;;;;;;;;;;;;;;;;;8;2;;;;;;;;;;;;;;;;;;;;;;;;;;;;;;;;;;;829;3;;;;;;;;;;;;;;;;;;;;;25;;2025-02-17 15:07:40;;0;0;2;2;0;0;0,85
125;CASE000124;124;group2;interview;2025-02-17 15:07:40;10;2;4;;2;2;5;2;2;1;1;2;2;2;7;6;2;6;3;4;4;2;6;1;3;3;3;4;4;;3;1;2;1;2;2;1;3;1;1;2;1;2;2;3;1;1;2;1;2;2;3;1;2;1;2;2;1;;;5;11;15;2;4;3;8;14;10;6;1;9;7;12;13;card_5_nothing.jpg;card_11_nothing.jpg;card_15_cute.jpg;card_2_nothing.jpg;card_4_heroic.jpg;card_3_cute.png;card_8_nothing.jpg;card_14_nothing.jpg;card_10_heroic.jpg;card_6_cute.jpg;card_1_heroic.png;card_9_cute.jpg;card_7_heroic.jpg;card_12_cute.jpg;card_13_heroic.jpg;MC_card_2_cute.png;MC_card_1_heroic.png;MC_card_1_cute.png;MC_card_2_heroic.png;15;112;11;26;160;5;7;40;5;5;6;4;4;5;4;4;4;3;3;2;2;39;466;;2025-02-17 15:15:26;;1;0;22;22;19;5;2,42
127;;;starting_point;interview;2025-02-18 10:23:05;;;;1;;;;;;;;;;;;;;;;;;;;;;;;;;;;;;;;;;;;;;;;;;;;;;;;;;;;;;;8;1;;;;;;;;;;;;;;;;;;;;;;;;;;;;;;;;;;;6;5;;;;;;;;;;;;;;;;;;;;;11;;2025-02-18 10:23:16;;0;0;2;2;0;0;2,00
128;CASE000127;127;group1;interview;2025-02-18 10:23:16;7;2;5;;4;5;4;2;2;2;1;1;2;1;3;2;1;3;4;2;4;3;4;3;1;2;7;4;4;Cool cards the art is sadly not at all my kind of tea;3;1;2;1;2;1;2;2;2;1;1;1;2;1;2;1;2;1;1;1;2;2;2;1;1;1;2;1;;;4;13;1;6;14;9;3;11;8;2;12;7;5;10;15;card_4_cute.png;card_13_cute.jpg;card_1_cute.png;card_6_nothing.jpg;card_14_heroic.jpg;card_9_nothing.jpg;card_3_nothing.jpg;card_11_heroic.jpg;card_8_heroic.jpg;card_2_heroic.jpg;card_12_nothing.jpg;card_7_cute.jpg;card_5_heroic.jpg;card_10_cute.jpg;card_15_nothing.jpg;MC_card_1_heroic.png;MC_card_1_cute.png;MC_card_2_heroic.png;MC_card_2_cute.png;28;263;54;449;101;155;84;878;27;53;171;14;34;45;22;25;11;12;5;8;20;15;791;;2025-02-18 11:04:31;;1;0;22;22;7;2;0,84
132;;;starting_point;interview;2025-02-18 10:53:55;;;;1;;;;;;;;;;;;;;;;;;;;;;;;;;;;;;;;;;;;;;;;;;;;;;;;;;;;;;;9;3;;;;;;;;;;;;;;;;;;;;;;;;;;;;;;;;;;;29;3;;;;;;;;;;;;;;;;;;;;;32;;2025-02-18 10:54:27;;0;0;2;2;0;0;1,20
133;CASE000132;132;group3;interview;2025-02-18 10:54:27;18;1;4;;2;4;4;1;2;1;1;2;2;2;5;5;4;4;4;4;4;4;4;4;4;4;4;4;4;"I don't want to be mean, but honestly, I have zero interest in playing or rating any AI generated slop. Nobody put any thought into these so why should I? The moment Mtg starts doing things like this I will just quit the game. This has nothing to do with gamedesign or art. Also unless you know exactly that your image generator was trained with not-stolen data using these images is super unethical and unprofessional for a ""scientific"" study.";6;2;2;2;2;2;2;6;2;2;2;2;2;2;6;2;2;2;2;2;2;6;2;2;2;2;2;2;;;4;11;12;15;14;13;7;3;5;9;6;10;2;8;1;card_4_nothing.jpg;card_11_cute.jpg;card_12_heroic.jpg;card_15_heroic.jpg;card_14_cute.jpg;card_13_nothing.jpg;card_7_nothing.jpg;card_3_heroic.png;card_5_cute.jpg;card_9_heroic.jpg;card_6_heroic.jpg;card_10_nothing.jpg;card_2_cute.png;card_8_cute.jpg;card_1_nothing.jpg;MC_card_1_heroic.png;MC_card_2_cute.png;MC_card_2_heroic.png;MC_card_1_cute.png;24;59;47;471;19;7;14;8;12;10;6;8;6;6;9;6;24;5;4;4;223;7;328;;2025-02-18 11:10:47;;1;0;22;22;16;4;2,24
136;;;starting_point;interview;2025-02-18 11:06:26;;;;1;;;;;;;;;;;;;;;;;;;;;;;;;;;;;;;;;;;;;;;;;;;;;;;;;;;;;;;9;2;;;;;;;;;;;;;;;;;;;;;;;;;;;;;;;;;;;29;3;;;;;;;;;;;;;;;;;;;;;32;;2025-02-18 11:06:58;;0;0;2;2;0;0;1,20
137;CASE000136;136;group2;interview;2025-02-18 11:06:58;7;2;5;;4;5;2;2;1;2;1;1;1;1;5;3;4;5;5;4;1;4;4;3;4;5;4;4;2;"When I chose ""No"" for ""If I would play that card in my deck?"" this only counts for Constructed, Standard and older formats. In Limited (Sealed / Draft) I'd happily play most of them, as written in each comment";3;1;2;1;2;1;2;3;2;1;2;1;2;1;5;2;2;2;1;2;2;3;1;2;1;2;1;2;;;4;14;5;6;3;11;1;15;7;2;10;8;13;9;12;card_4_heroic.jpg;card_14_nothing.jpg;card_5_nothing.jpg;card_6_cute.jpg;card_3_cute.png;card_11_nothing.jpg;card_1_heroic.png;card_15_cute.jpg;card_7_heroic.jpg;card_2_nothing.jpg;card_10_heroic.jpg;card_8_nothing.jpg;card_13_heroic.jpg;card_9_cute.jpg;card_12_cute.jpg;MC_card_1_heroic.png;MC_card_1_cute.png;MC_card_2_cute.png;MC_card_2_heroic.png;33;172;140;465;553;149;70;70;329;462;134;157;120;136;117;84;19;9;26;10;78;21;1387;;2025-02-18 12:02:54;;1;0;22;22;0;0;0,41
139;;;starting_point;interview;2025-02-18 11:30:21;;;;1;;;;;;;;;;;;;;;;;;;;;;;;;;;;;;;;;;;;;;;;;;;;;;;;;;;;;;;9;1;;;;;;;;;;;;;;;;;;;;;;;;;;;;;;;;;;;2;4;;;;;;;;;;;;;;;;;;;;;6;;2025-02-18 11:30:27;;0;0;2;2;0;0;2,13
140;CASE000139;139;group1;interview;2025-02-18 11:30:27;9;2;4;;4;4;3;1;1;2;1;2;2;1;4;6;6;6;3;2;4;4;2;5;5;7;5;6;4;;3;1;2;1;2;1;2;2;1;2;1;1;1;2;2;1;1;2;1;2;1;2;2;1;1;1;2;1;;;8;4;14;11;2;7;3;10;12;15;9;5;1;6;13;card_8_heroic.jpg;card_4_cute.png;card_14_heroic.jpg;card_11_heroic.jpg;card_2_heroic.jpg;card_7_cute.jpg;card_3_nothing.jpg;card_10_cute.jpg;card_12_nothing.jpg;card_15_nothing.jpg;card_9_nothing.jpg;card_5_heroic.jpg;card_1_cute.png;card_6_nothing.jpg;card_13_cute.jpg;MC_card_1_heroic.png;MC_card_2_heroic.png;MC_card_1_cute.png;MC_card_2_cute.png;26;109;33;22;16;14;16;32;17;22;16;16;33;23;25;17;9;10;8;8;2;17;491;;2025-02-18 11:38:39;;1;0;22;22;14;3;1,51
141;;;starting_point;interview;2025-02-18 12:03:13;;;;1;;;;;;;;;;;;;;;;;;;;;;;;;;;;;;;;;;;;;;;;;;;;;;;;;;;;;;;10;2;;;;;;;;;;;;;;;;;;;;;;;;;;;;;;;;;;;11;3;;;;;;;;;;;;;;;;;;;;;14;;2025-02-18 12:03:27;;0;0;2;2;0;0;1,81
142;CASE000141;141;group2;interview;2025-02-18 12:03:27;12;2;2;;1;4;1;2;1;1;1;1;1;1;;;;;;;;;;;;;;;;;;;;;;;;;;;;;;;;;;;;;;;;;;;;;;;3;13;14;5;15;10;4;11;6;2;9;7;12;8;1;card_3_cute.png;;;;;;;;;;;;;;;;;;;29;4998;;;;;;;;;;;;;;;;;;;;;124;;2025-02-18 13:27:14;;0;0;2;2;0;0;0,56
148;;;starting_point;interview;2025-02-18 12:08:42;;;;1;;;;;;;;;;;;;;;;;;;;;;;;;;;;;;;;;;;;;;;;;;;;;;;;;;;;;;;10;1;;;;;;;;;;;;;;;;;;;;;;;;;;;;;;;;;;;37;4;;;;;;;;;;;;;;;;;;;;;41;;2025-02-18 12:09:23;;0;0;2;2;0;0;0,92
149;CASE000148;148;group1;interview;2025-02-18 12:09:23;17;2;3;;3;5;1;2;1;1;1;1;1;1;5;6;5;6;7;7;5;5;5;5;4;6;6;6;4;;3;2;1;2;1;2;1;3;1;2;1;2;1;2;3;2;1;2;1;2;1;2;1;2;1;1;1;2;;;13;4;10;2;5;14;7;15;12;6;1;11;8;3;9;card_13_cute.jpg;card_4_cute.png;card_10_cute.jpg;card_2_heroic.jpg;card_5_heroic.jpg;card_14_heroic.jpg;card_7_cute.jpg;card_15_nothing.jpg;card_12_nothing.jpg;card_6_nothing.jpg;card_1_cute.png;card_11_heroic.jpg;card_8_heroic.jpg;card_3_nothing.jpg;card_9_nothing.jpg;MC_card_1_cute.png;MC_card_2_heroic.png;MC_card_2_cute.png;MC_card_1_heroic.png;45;133;85;68;61;94;74;69;161;244;301;45;60;70;237;19;19;7;11;11;3;6239;991;;2025-02-18 14:23:39;;1;0;22;22;19;5;0,59
153;;;starting_point;interview;2025-02-18 12:39:48;;;;1;;;;;;;;;;;;;;;;;;;;;;;;;;;;;;;;;;;;;;;;;;;;;;;;;;;;;;;10;3;;;;;;;;;;;;;;;;;;;;;;;;;;;;;;;;;;;27;3;;;;;;;;;;;;;;;;;;;;;30;;2025-02-18 12:40:18;;0;0;2;2;0;0;1,23
154;CASE000153;153;group3;interview;2025-02-18 12:40:18;5;2;3;;4;5;2;1;2;1;1;1;2;1;6;5;5;7;4;6;7;4;4;6;6;4;5;4;4;I am mostly a commander player, so ranking these in comparison was a bit harder than I thought;3;1;2;1;2;1;2;2;2;1;2;1;1;1;3;1;2;1;2;1;2;3;2;1;2;1;2;1;;;7;8;12;10;6;1;5;2;3;13;14;15;11;9;4;card_7_nothing.jpg;card_8_cute.jpg;card_12_heroic.jpg;card_10_nothing.jpg;card_6_heroic.jpg;card_1_nothing.jpg;card_5_cute.jpg;card_2_cute.png;card_3_heroic.png;card_13_nothing.jpg;card_14_cute.jpg;card_15_heroic.jpg;card_11_cute.jpg;card_9_heroic.jpg;card_4_nothing.jpg;MC_card_1_heroic.png;MC_card_2_cute.png;MC_card_2_heroic.png;MC_card_1_cute.png;28;59;41;49;30;22;25;37;18;23;29;28;18;25;16;17;9;10;7;7;24;12;534;;2025-02-18 12:49:12;;1;0;22;22;10;2;1,36
163;;;starting_point;interview;2025-02-18 15:19:51;;;;1;;;;;;;;;;;;;;;;;;;;;;;;;;;;;;;;;;;;;;;;;;;;;;;;;;;;;;;14;1;;;;;;;;;;;;;;;;;;;;;;;;;;;;;;;;;;;2508;6;;;;;;;;;;;;;;;;;;;;;28;;2025-02-18 16:01:45;;0;0;2;2;0;0;0,42
170;;;starting_point;interview;2025-02-18 15:38:21;;;;1;;;;;;;;;;;;;;;;;;;;;;;;;;;;;;;;;;;;;;;;;;;;;;;;;;;;;;;11;3;;;;;;;;;;;;;;;;;;;;;;;;;;;;;;;;;;;59;5;;;;;;;;;;;;;;;;;;;;;64;;2025-02-18 15:39:25;;0;0;2;2;0;0;0,68
171;;;starting_point;interview;2025-02-18 15:39:01;;;;1;;;;;;;;;;;;;;;;;;;;;;;;;;;;;;;;;;;;;;;;;;;;;;;;;;;;;;;11;2;;;;;;;;;;;;;;;;;;;;;;;;;;;;;;;;;;;2;9;;;;;;;;;;;;;;;;;;;;;11;;2025-02-18 15:39:12;;0;0;2;2;0;0;1,78
172;CASE000171;171;group2;interview;2025-02-18 15:39:12;8;2;5;;4;4;2;1;1;2;2;1;1;1;3;6;4;3;4;4;5;2;3;6;5;2;3;1;2;;3;1;2;1;2;1;2;2;1;1;1;2;1;2;3;2;1;2;1;1;2;1;2;1;1;1;1;1;;;3;11;10;4;7;8;15;12;6;9;14;2;5;1;13;card_3_cute.png;card_11_nothing.jpg;card_10_heroic.jpg;card_4_heroic.jpg;card_7_heroic.jpg;card_8_nothing.jpg;card_15_cute.jpg;card_12_cute.jpg;card_6_cute.jpg;card_9_cute.jpg;card_14_nothing.jpg;card_2_nothing.jpg;card_5_nothing.jpg;card_1_heroic.png;card_13_heroic.jpg;MC_card_2_heroic.png;MC_card_1_heroic.png;MC_card_2_cute.png;MC_card_1_cute.png;34;63;46;28;25;34;117;34;24;29;20;43;20;25;62;23;8;8;10;8;10;14;608;;2025-02-18 15:50:37;;1;0;22;22;16;4;1,21
173;CASE000170;170;group3;interview;2025-02-18 15:39:25;20;2;4;;4;3;3;1;1;2;1;1;2;2;6;3;4;4;2;3;4;3;2;3;3;4;4;4;4;;2;1;2;1;1;1;2;3;2;1;2;1;2;1;2;2;1;1;1;1;2;2;1;2;1;1;1;2;;;6;15;13;12;2;7;10;3;5;1;9;4;14;11;8;card_6_heroic.jpg;card_15_heroic.jpg;card_13_nothing.jpg;card_12_heroic.jpg;card_2_cute.png;card_7_nothing.jpg;card_10_nothing.jpg;card_3_heroic.png;card_5_cute.jpg;card_1_nothing.jpg;card_9_heroic.jpg;card_4_nothing.jpg;card_14_cute.jpg;card_11_cute.jpg;card_8_cute.jpg;MC_card_1_heroic.png;MC_card_1_cute.png;MC_card_2_cute.png;MC_card_2_heroic.png;70;157;81;69;113;63;79;143;76;92;75;61;114;133;84;82;33;20;19;22;4;20;1335;;2025-02-18 16:06:16;;1;0;22;22;19;5;0,52
175;;;starting_point;interview;2025-02-18 15:41:00;;;;1;;;;;;;;;;;;;;;;;;;;;;;;;;;;;;;;;;;;;;;;;;;;;;;;;;;;;;;12;2;;;;;;;;;;;;;;;;;;;;;;;;;;;;;;;;;;;25;7;;;;;;;;;;;;;;;;;;;;;32;;2025-02-18 15:41:32;;0;0;2;2;0;0;0,79
176;;;starting_point;interview;2025-02-18 15:41:01;;;;2;;;;;;;;;;;;;;;;;;;;;;;;;;;;;;;;;;;;;;;;;;;;;;;;;;;;;;;13;3;;;;;;;;;;;;;;;;;;;;;;;;;;;;;;;;;;;124;9;;;;;;;;;;;;;;;;;;;;;31;;2025-02-18 15:43:14;;1;0;2;2;0;0;0,36
177;;;starting_point;interview;2025-02-18 15:41:15;;;;2;;;;;;;;;;;;;;;;;;;;;;;;;;;;;;;;;;;;;;;;;;;;;;;;;;;;;;;11;1;;;;;;;;;;;;;;;;;;;;;;;;;;;;;;;;;;;4;7;;;;;;;;;;;;;;;;;;;;;11;;2025-02-18 15:41:26;;1;0;2;2;0;0;1,86
178;;;starting_point;interview;2025-02-18 15:41:21;;;;1;;;;;;;;;;;;;;;;;;;;;;;;;;;;;;;;;;;;;;;;;;;;;;;;;;;;;;;12;3;;;;;;;;;;;;;;;;;;;;;;;;;;;;;;;;;;;7;7;;;;;;;;;;;;;;;;;;;;;14;;2025-02-18 15:41:35;;0;0;2;2;0;0;1,86
179;CASE000175;175;group2;interview;2025-02-18 15:41:32;7;3;5;;4;5;4;1;1;2;2;1;2;2;4;6;2;4;3;4;1;6;2;1;2;4;4;3;4;;4;2;2;2;1;1;2;2;1;2;1;1;1;2;3;2;1;2;1;2;1;2;1;2;1;1;1;2;;;6;4;13;11;10;7;12;5;14;1;2;9;8;15;3;card_6_cute.jpg;card_4_heroic.jpg;card_13_heroic.jpg;card_11_nothing.jpg;card_10_heroic.jpg;card_7_heroic.jpg;card_12_cute.jpg;card_5_nothing.jpg;card_14_nothing.jpg;card_1_heroic.png;card_2_nothing.jpg;card_9_cute.jpg;card_8_nothing.jpg;card_15_cute.jpg;card_3_cute.png;MC_card_2_cute.png;MC_card_1_heroic.png;MC_card_1_cute.png;MC_card_2_heroic.png;40;63;46;50;44;60;40;21;58;39;25;28;23;26;32;23;23;10;9;4;4;14;682;;2025-02-18 15:52:54;;1;0;22;22;17;4;1,12
180;CASE000178;178;group3;interview;2025-02-18 15:41:35;13;2;4;;4;4;2;1;1;2;1;1;2;1;4;6;6;7;6;3;6;6;5;6;5;4;4;5;7;;3;2;1;2;1;2;1;3;1;2;1;2;1;2;3;2;1;2;1;2;1;3;1;2;1;2;1;2;;;1;2;10;13;9;12;6;14;7;4;3;8;15;11;5;card_1_nothing.jpg;card_2_cute.png;card_10_nothing.jpg;card_13_nothing.jpg;card_9_heroic.jpg;card_12_heroic.jpg;card_6_heroic.jpg;card_14_cute.jpg;card_7_nothing.jpg;card_4_nothing.jpg;card_3_heroic.png;card_8_cute.jpg;card_15_heroic.jpg;card_11_cute.jpg;card_5_cute.jpg;MC_card_2_cute.png;MC_card_2_heroic.png;MC_card_1_cute.png;MC_card_1_heroic.png;42;107;54;34;46;30;34;36;35;41;40;23;34;29;28;34;23;11;10;8;4;20;723;;2025-02-18 15:53:38;;1;0;22;22;19;5;1,01
181;;;starting_point;interview;2025-02-18 15:41:35;;;;1;;;;;;;;;;;;;;;;;;;;;;;;;;;;;;;;;;;;;;;;;;;;;;;;;;;;;;;12;1;;;;;;;;;;;;;;;;;;;;;;;;;;;;;;;;;;;1;2;;;;;;;;;;;;;;;;;;;;;3;;2025-02-18 15:41:38;;0;0;2;2;0;0;2,75
182;CASE000181;181;group1;interview;2025-02-18 15:41:38;9;1;5;;4;5;1;1;1;1;1;1;1;2;6;1;4;;;;;;;;;;;;;;;;;;;;;;;;;;;;;;;;;;;;;;;;;;;;11;3;2;4;5;10;7;14;15;13;1;9;6;12;8;card_11_heroic.jpg;card_3_nothing.jpg;card_2_heroic.jpg;card_4_cute.png;;;;;;;;;;;;;;;;65;92;31;45;;;;;;;;;;;;;;;;;;;233;;2025-02-18 15:45:31;;0;0;4;4;14;4;0,96
183;;;starting_point;interview;2025-02-18 15:43:26;;;;1;;;;;;;;;;;;;;;;;;;;;;;;;;;;;;;;;;;;;;;;;;;;;;;;;;;;;;;13;2;;;;;;;;;;;;;;;;;;;;;;;;;;;;;;;;;;;6;7;;;;;;;;;;;;;;;;;;;;;13;;2025-02-18 15:43:39;;0;0;2;2;0;0;1,86
184;CASE000183;183;group2;interview;2025-02-18 15:43:39;14;2;4;;4;1;2;1;1;2;1;2;1;1;1;;;;;;;;;;;;;;;;;;;;;;;;;;;;;;;;;;;;;;;;;;;;;;15;2;4;11;14;12;8;5;7;13;6;3;10;9;1;card_15_cute.jpg;card_2_nothing.jpg;;;;;;;;;;;;;;;;;;46;65;2845;;;;;;;;;;;;;;;;;;;;157;;2025-02-18 16:32:55;;0;0;3;3;9;2;0,72
188;;;starting_point;interview;2025-02-18 16:00:01;;;;1;;;;;;;;;;;;;;;;;;;;;;;;;;;;;;;;;;;;;;;;;;;;;;;;;;;;;;;13;1;;;;;;;;;;;;;;;;;;;;;;;;;;;;;;;;;;;23;5;;;;;;;;;;;;;;;;;;;;;28;;2025-02-18 16:00:29;;0;0;2;2;0;0;0,97
189;CASE000188;188;group1;interview;2025-02-18 16:00:29;10;2;5;;3;4;3;1;2;2;1;1;2;1;5;3;3;3;2;2;6;2;2;3;1;2;7;5;2;;2;1;2;1;1;1;2;3;2;1;2;1;2;1;2;1;2;1;1;1;2;2;2;1;2;1;1;1;;;13;15;3;11;2;9;4;1;7;10;12;6;5;14;8;card_13_cute.jpg;card_15_nothing.jpg;card_3_nothing.jpg;card_11_heroic.jpg;card_2_heroic.jpg;card_9_nothing.jpg;card_4_cute.png;card_1_cute.png;card_7_cute.jpg;card_10_cute.jpg;card_12_nothing.jpg;card_6_nothing.jpg;card_5_heroic.jpg;card_14_heroic.jpg;card_8_heroic.jpg;MC_card_2_heroic.png;MC_card_1_cute.png;MC_card_1_heroic.png;MC_card_2_cute.png;32;122;45;67;112;14;36;84;46;21;34;22;14;45;30;16;13;7;6;12;5;21;753;;2025-02-18 16:13:53;;1;0;22;22;17;4;1,10
190;CASE000163;163;group1;interview;2025-02-18 16:01:45;9;2;3;;4;5;1;1;1;1;1;1;2;1;4;7;4;5;6;5;7;;;;;;;;;;;;;;;;;;;;;;;;;;;;;;;;;;;;;;;;9;12;1;10;14;3;5;6;7;11;13;15;4;8;2;card_9_nothing.jpg;card_12_nothing.jpg;card_1_cute.png;card_10_cute.jpg;card_14_heroic.jpg;card_3_nothing.jpg;card_5_heroic.jpg;card_6_nothing.jpg;;;;;;;;;;;;69;75;23;19;17;35;43;17;184254;;;;;;;;;;;;;;338;;2025-02-18 16:06:43;;0;0;8;9;15;4;1,28
191;;;starting_point;interview;2025-02-18 16:02:08;;;;1;;;;;;;;;;;;;;;;;;;;;;;;;;;;;;;;;;;;;;;;;;;;;;;;;;;;;;;14;3;;;;;;;;;;;;;;;;;;;;;;;;;;;;;;;;;;;15;4;;;;;;;;;;;;;;;;;;;;;19;;2025-02-18 16:02:27;;0;0;2;2;0;0;1,34
192;CASE000191;191;group3;interview;2025-02-18 16:02:27;23;2;4;;4;4;4;1;2;2;1;1;2;2;6;4;3;;;;;;;;;;;;;;;;;;;;;;;;;;;;;;;;;;;;;;;;;;;;15;11;12;7;3;1;2;13;10;8;6;4;14;5;9;card_15_heroic.jpg;card_11_cute.jpg;card_12_heroic.jpg;card_7_nothing.jpg;;;;;;;;;;;;;;;;51;71;126;46;;;;;;;;;;;;;;;;;;;294;;2025-02-18 16:07:22;;0;0;4;4;14;4;0,73
194;;;starting_point;interview;2025-02-18 16:15:08;;;;1;;;;;;;;;;;;;;;;;;;;;;;;;;;;;;;;;;;;;;;;;;;;;;;;;;;;;;;14;2;;;;;;;;;;;;;;;;;;;;;;;;;;;;;;;;;;;27;4;;;;;;;;;;;;;;;;;;;;;31;;2025-02-18 16:15:39;;0;0;2;2;0;0;1,02
195;CASE000194;194;group2;interview;2025-02-18 16:15:39;35;2;4;;4;4;3;1;1;2;2;1;1;2;4;6;1;2;3;5;6;4;3;3;5;6;2;4;6;;2;1;2;1;1;1;2;3;1;2;1;2;1;2;2;2;1;1;1;2;1;3;2;2;2;1;1;1;;;8;5;1;2;14;10;7;9;3;6;11;4;12;15;13;card_8_nothing.jpg;card_5_nothing.jpg;card_1_heroic.png;card_2_nothing.jpg;card_14_nothing.jpg;card_10_heroic.jpg;card_7_heroic.jpg;card_9_cute.jpg;card_3_cute.png;card_6_cute.jpg;card_11_nothing.jpg;card_4_heroic.jpg;card_12_cute.jpg;card_15_cute.jpg;card_13_heroic.jpg;MC_card_2_heroic.png;MC_card_1_heroic.png;MC_card_1_cute.png;MC_card_2_cute.png;50;105;44;45;503;62;43;52;31;34;8101;37;32;48;35;33;12;12;9;10;2;48;797;;2025-02-18 18:51:27;;1;0;22;22;19;5;0,86
196;;;starting_point;interview;2025-02-18 16:16:40;;;;1;;;;;;;;;;;;;;;;;;;;;;;;;;;;;;;;;;;;;;;;;;;;;;;;;;;;;;;15;3;;;;;;;;;;;;;;;;;;;;;;;;;;;;;;;;;;;36;9;;;;;;;;;;;;;;;;;;;;;45;;2025-02-18 16:17:25;;0;0;2;2;0;0;0,58
197;CASE000196;196;group3;interview;2025-02-18 16:17:26;12;2;4;;4;5;2;1;1;2;2;1;1;1;4;7;5;3;3;3;4;4;3;4;4;5;4;4;3;the images on some of the cards were black, maybe broken?;3;2;1;2;1;2;1;2;2;2;1;1;1;1;3;1;2;1;2;1;2;2;1;1;1;2;1;2;;;8;5;11;4;2;9;3;13;1;6;10;14;15;7;12;card_8_cute.jpg;card_5_cute.jpg;card_11_cute.jpg;card_4_nothing.jpg;card_2_cute.png;card_9_heroic.jpg;card_3_heroic.png;card_13_nothing.jpg;card_1_nothing.jpg;card_6_heroic.jpg;card_10_nothing.jpg;card_14_cute.jpg;card_15_heroic.jpg;card_7_nothing.jpg;card_12_heroic.jpg;MC_card_1_cute.png;MC_card_2_cute.png;MC_card_2_heroic.png;MC_card_1_heroic.png;45;57;49;23;32;79;64;23;39;23;51;23;38;21;25;20;17;30;9;27;40;21;721;;2025-02-18 16:30:02;;1;0;22;22;17;4;0,97
198;;;starting_point;interview;2025-02-18 16:18:18;;;;1;;;;;;;;;;;;;;;;;;;;;;;;;;;;;;;;;;;;;;;;;;;;;;;;;;;;;;;15;2;;;;;;;;;;;;;;;;;;;;;;;;;;;;;;;;;;;8;2;;;;;;;;;;;;;;;;;;;;;10;;2025-02-18 16:18:28;;0;0;2;2;0;0;2,59
199;CASE000198;198;group2;interview;2025-02-18 16:18:28;16;2;5;;4;4;1;1;1;2;1;1;1;1;4;4;3;4;4;4;4;5;5;2;4;4;4;4;4;;2;2;1;2;1;1;1;2;1;2;1;1;1;2;2;1;2;1;1;1;2;2;2;1;1;1;2;1;;;9;6;1;14;10;4;15;7;3;12;13;11;5;2;8;card_9_cute.jpg;card_6_cute.jpg;card_1_heroic.png;card_14_nothing.jpg;card_10_heroic.jpg;card_4_heroic.jpg;card_15_cute.jpg;card_7_heroic.jpg;card_3_cute.png;card_12_cute.jpg;card_13_heroic.jpg;card_11_nothing.jpg;card_5_nothing.jpg;card_2_nothing.jpg;card_8_nothing.jpg;MC_card_1_cute.png;MC_card_2_heroic.png;MC_card_1_heroic.png;MC_card_2_cute.png;27;75;37;52;38;20;26;37;33;19;18;23;19;50;14;22;12;6;9;7;3;25;572;;2025-02-18 16:28:00;;1;0;22;22;19;5;1,39
200;;;starting_point;interview;2025-02-18 16:36:15;;;;1;;;;;;;;;;;;;;;;;;;;;;;;;;;;;;;;;;;;;;;;;;;;;;;;;;;;;;;15;1;;;;;;;;;;;;;;;;;;;;;;;;;;;;;;;;;;;47;6;;;;;;;;;;;;;;;;;;;;;53;;2025-02-18 16:37:08;;0;0;2;2;0;0;0,65
201;CASE000200;200;group1;interview;2025-02-18 16:37:08;17;2;4;;4;4;4;1;2;2;1;2;1;2;2;6;7;5;6;2;7;6;6;4;4;6;4;4;5;;2;2;1;2;1;1;1;3;1;2;1;2;1;2;3;2;1;2;1;2;1;2;1;2;1;1;1;2;;;12;4;5;11;3;1;14;6;8;13;2;7;9;15;10;card_12_nothing.jpg;card_4_cute.png;card_5_heroic.jpg;card_11_heroic.jpg;card_3_nothing.jpg;card_1_cute.png;card_14_heroic.jpg;card_6_nothing.jpg;card_8_heroic.jpg;card_13_cute.jpg;card_2_heroic.jpg;card_7_cute.jpg;card_9_nothing.jpg;card_15_nothing.jpg;card_10_cute.jpg;MC_card_2_cute.png;MC_card_1_heroic.png;MC_card_1_cute.png;MC_card_2_heroic.png;42;57;38;39;36;49;33;33;33;71;34;22;33;19;37;30;33;14;10;9;2;47;721;;2025-02-18 16:49:09;;1;0;22;22;19;5;0,97
202;;;starting_point;interview;2025-02-18 17:21:14;;;;1;;;;;;;;;;;;;;;;;;;;;;;;;;;;;;;;;;;;;;;;;;;;;;;;;;;;;;;16;1;;;;;;;;;;;;;;;;;;;;;;;;;;;;;;;;;;;232;5;;;;;;;;;;;;;;;;;;;;;27;;2025-02-18 17:25:11;;0;0;2;2;0;0;0,55
203;CASE000202;202;group1;interview;2025-02-18 17:25:11;10;2;5;;3;4;2;1;2;2;1;1;1;1;3;6;4;3;7;4;1;3;6;1;4;4;3;7;7;;2;1;2;1;1;1;2;3;1;2;1;2;1;2;3;2;1;2;1;2;1;3;2;1;2;1;2;1;;;15;4;10;13;5;6;12;2;14;1;8;9;7;11;3;card_15_nothing.jpg;card_4_cute.png;card_10_cute.jpg;card_13_cute.jpg;card_5_heroic.jpg;card_6_nothing.jpg;card_12_nothing.jpg;card_2_heroic.jpg;card_14_heroic.jpg;card_1_cute.png;card_8_heroic.jpg;card_9_nothing.jpg;card_7_cute.jpg;card_11_heroic.jpg;card_3_nothing.jpg;MC_card_2_heroic.png;MC_card_1_heroic.png;MC_card_1_cute.png;MC_card_2_cute.png;63;135;91;113;41;87;84;25;48;37;29;45;245;298;82;42;26;20;10;11;11;39;1048;;2025-02-18 17:51:33;;1;0;22;22;19;5;0,61
205;;;starting_point;interview;2025-02-18 17:46:17;;;;1;;;;;;;;;;;;;;;;;;;;;;;;;;;;;;;;;;;;;;;;;;;;;;;;;;;;;;;16;3;;;;;;;;;;;;;;;;;;;;;;;;;;;;;;;;;;;29;6;;;;;;;;;;;;;;;;;;;;;35;;2025-02-18 17:46:52;;0;0;2;2;0;0;0,79
206;CASE000205;205;group3;interview;2025-02-18 17:46:52;19;2;5;;4;4;2;1;1;1;2;1;2;1;5;4;6;6;5;1;5;4;4;4;4;4;4;4;2;;2;2;1;1;1;2;1;3;1;2;1;2;1;2;2;1;1;1;2;1;2;3;2;1;2;1;2;1;;;15;3;4;10;5;1;11;8;14;2;9;7;6;13;12;card_15_heroic.jpg;card_3_heroic.png;card_4_nothing.jpg;card_10_nothing.jpg;card_5_cute.jpg;card_1_nothing.jpg;card_11_cute.jpg;card_8_cute.jpg;card_14_cute.jpg;card_2_cute.png;card_9_heroic.jpg;card_7_nothing.jpg;card_6_heroic.jpg;card_13_nothing.jpg;card_12_heroic.jpg;MC_card_2_cute.png;MC_card_2_heroic.png;MC_card_1_heroic.png;MC_card_1_cute.png;36;88;60;56;117;73;52;66;50;58;56;51;59;47;42;52;24;14;16;12;28;22;1079;;2025-02-18 18:04:51;;1;0;22;22;19;5;0,66
207;;;starting_point;interview;2025-02-18 17:47:33;;;;1;;;;;;;;;;;;;;;;;;;;;;;;;;;;;;;;;;;;;;;;;;;;;;;;;;;;;;;16;2;;;;;;;;;;;;;;;;;;;;;;;;;;;;;;;;;;;6;5;;;;;;;;;;;;;;;;;;;;;11;;2025-02-18 17:47:44;;0;0;2;2;0;0;2,00
208;CASE000207;207;group2;interview;2025-02-18 17:47:44;11;2;5;;4;4;1;1;1;1;2;1;1;1;3;4;3;2;4;4;3;4;3;3;6;6;3;4;3;;2;1;2;1;1;1;2;3;1;2;1;2;1;2;2;2;1;1;1;2;1;2;2;1;2;1;1;1;;;9;3;4;12;11;6;8;14;10;2;7;13;15;5;1;card_9_cute.jpg;card_3_cute.png;card_4_heroic.jpg;card_12_cute.jpg;card_11_nothing.jpg;card_6_cute.jpg;card_8_nothing.jpg;card_14_nothing.jpg;card_10_heroic.jpg;card_2_nothing.jpg;card_7_heroic.jpg;card_13_heroic.jpg;card_15_cute.jpg;card_5_nothing.jpg;card_1_heroic.png;MC_card_2_heroic.png;MC_card_1_heroic.png;MC_card_2_cute.png;MC_card_1_cute.png;23;44;28;26;22;30;28;27;35;20;90;73;24;85;23;3440;13;10;8;6;2;21;671;;2025-02-18 18:55:43;;1;0;22;22;19;5;1,24
209;;;starting_point;interview;2025-02-18 17:52:17;;;;1;;;;;;;;;;;;;;;;;;;;;;;;;;;;;;;;;;;;;;;;;;;;;;;;;;;;;;;17;2;;;;;;;;;;;;;;;;;;;;;;;;;;;;;;;;;;;41;3;;;;;;;;;;;;;;;;;;;;;44;;2025-02-18 17:53:01;;0;0;2;2;0;0;1,10
210;CASE000209;209;group2;interview;2025-02-18 17:53:01;17;2;4;;4;4;3;1;1;1;2;1;2;2;4;5;3;4;3;4;3;6;4;5;4;5;6;6;5;;3;2;1;2;1;1;2;3;1;2;1;2;1;2;3;2;1;2;1;2;1;4;1;2;2;2;1;2;;;5;14;6;15;2;12;9;3;8;13;1;7;11;4;10;card_5_nothing.jpg;card_14_nothing.jpg;card_6_cute.jpg;card_15_cute.jpg;card_2_nothing.jpg;card_12_cute.jpg;card_9_cute.jpg;card_3_cute.png;card_8_nothing.jpg;card_13_heroic.jpg;card_1_heroic.png;card_7_heroic.jpg;card_11_nothing.jpg;card_4_heroic.jpg;card_10_heroic.jpg;MC_card_2_cute.png;MC_card_2_heroic.png;MC_card_1_cute.png;MC_card_1_heroic.png;31;55;32;33;25;60;22;17;37;66;29;38;35;20;17;14;13;9;7;6;2;6;574;;2025-02-18 18:02:35;;1;0;22;22;19;5;1,46
213;;;starting_point;interview;2025-02-18 18:28:46;;;;2;;;;;;;;;;;;;;;;;;;;;;;;;;;;;;;;;;;;;;;;;;;;;;;;;;;;;;;17;3;;;;;;;;;;;;;;;;;;;;;;;;;;;;;;;;;;;4;12;;;;;;;;;;;;;;;;;;;;;16;;2025-02-18 18:29:02;;1;0;2;2;0;0;1,71
214;;;starting_point;interview;2025-02-18 18:29:10;;;;1;;;;;;;;;;;;;;;;;;;;;;;;;;;;;;;;;;;;;;;;;;;;;;;;;;;;;;;17;1;;;;;;;;;;;;;;;;;;;;;;;;;;;;;;;;;;;3;5;;;;;;;;;;;;;;;;;;;;;8;;2025-02-18 18:29:18;;0;0;2;2;0;0;2,00
215;CASE000214;214;group1;interview;2025-02-18 18:29:18;12;2;1;;1;4;1;2;1;1;1;1;1;1;;;;;;;;;;;;;;;;;;;;;;;;;;;;;;;;;;;;;;;;;;;;;;;5;15;4;10;6;3;12;2;8;11;7;13;14;1;9;card_5_heroic.jpg;;;;;;;;;;;;;;;;;;;34;7393;;;;;;;;;;;;;;;;;;;;;129;;2025-02-18 20:33:05;;0;0;2;2;0;0;0,51
216;;;starting_point;interview;2025-02-18 19:13:16;;;;1;;;;;;;;;;;;;;;;;;;;;;;;;;;;;;;;;;;;;;;;;;;;;;;;;;;;;;;18;3;;;;;;;;;;;;;;;;;;;;;;;;;;;;;;;;;;;4;7;;;;;;;;;;;;;;;;;;;;;11;;2025-02-18 19:13:27;;0;0;2;2;0;0;1,86
217;CASE000216;216;group3;interview;2025-02-18 19:13:27;14;2;3;;4;4;3;1;2;2;1;1;2;1;4;4;4;4;4;4;5;4;3;5;4;4;3;4;4;;3;1;2;1;2;1;2;3;2;1;2;1;2;1;3;2;1;2;1;2;1;2;1;2;1;1;1;2;;;2;3;10;11;6;15;13;1;8;5;7;9;12;4;14;card_2_cute.png;card_3_heroic.png;card_10_nothing.jpg;card_11_cute.jpg;card_6_heroic.jpg;card_15_heroic.jpg;card_13_nothing.jpg;card_1_nothing.jpg;card_8_cute.jpg;card_5_cute.jpg;card_7_nothing.jpg;card_9_heroic.jpg;card_12_heroic.jpg;card_4_nothing.jpg;card_14_cute.jpg;MC_card_1_heroic.png;MC_card_2_cute.png;MC_card_1_cute.png;MC_card_2_heroic.png;40;238;28;26;24;29;24;28;19;37;27;19;14;17;16;15;13;10;5;6;3;5;643;;2025-02-18 19:24:10;;1;0;22;22;19;5;1,59
219;;;starting_point;interview;2025-02-18 19:29:02;;;;1;;;;;;;;;;;;;;;;;;;;;;;;;;;;;;;;;;;;;;;;;;;;;;;;;;;;;;;18;2;;;;;;;;;;;;;;;;;;;;;;;;;;;;;;;;;;;208;10;;;;;;;;;;;;;;;;;;;;;32;;2025-02-18 19:32:40;;0;0;2;2;0;0;0,30
220;CASE000219;219;group2;interview;2025-02-18 19:32:40;11;2;5;;4;4;2;2;1;1;1;1;1;2;1;1;3;5;6;4;4;2;4;6;5;5;5;4;3;There were several cards (abut five, i believe) that showed no artwork (instead, a black screen) on my end, in those cases i moved the bar on the scale, which asked for the amount of pleasure looking at this card, to the most far left.;1;1;1;2;1;1;1;1;1;2;1;1;1;1;1;1;1;1;2;1;1;2;2;1;2;1;1;1;;;12;1;13;3;4;11;7;2;6;14;9;10;5;8;15;card_12_cute.jpg;card_1_heroic.png;card_13_heroic.jpg;card_3_cute.png;card_4_heroic.jpg;card_11_nothing.jpg;card_7_heroic.jpg;card_2_nothing.jpg;card_6_cute.jpg;card_14_nothing.jpg;card_9_cute.jpg;card_10_heroic.jpg;card_5_nothing.jpg;card_8_nothing.jpg;card_15_cute.jpg;MC_card_2_cute.png;MC_card_2_heroic.png;MC_card_1_heroic.png;MC_card_1_cute.png;134;523;127;78;136;112;166;108;108;95;1149;102;75;83;95;63;98;54;78;24;248;11;1368;;2025-02-18 20:33:47;;1;0;22;22;12;3;0,36
222;;;starting_point;interview;2025-02-18 22:01:40;;;;1;;;;;;;;;;;;;;;;;;;;;;;;;;;;;;;;;;;;;;;;;;;;;;;;;;;;;;;18;1;;;;;;;;;;;;;;;;;;;;;;;;;;;;;;;;;;;4;3;;;;;;;;;;;;;;;;;;;;;7;;2025-02-18 22:01:47;;0;0;2;2;0;0;2,33
223;CASE000222;222;group1;interview;2025-02-18 22:01:47;10;2;5;;4;4;1;1;1;2;1;1;1;1;;;;;;;;;;;;;;;;;;;;;;;;;;;;;;;;;;;;;;;;;;;;;;;8;7;14;13;9;5;6;4;11;3;1;2;15;12;10;card_8_heroic.jpg;;;;;;;;;;;;;;;;;;;38;;;;;;;;;;;;;;;;;;;;;;38;;2025-02-18 22:02:25;;0;0;1;1;0;0;0,89
224;;;starting_point;interview;2025-02-19 05:47:31;;;;1;;;;;;;;;;;;;;;;;;;;;;;;;;;;;;;;;;;;;;;;;;;;;;;;;;;;;;;19;2;;;;;;;;;;;;;;;;;;;;;;;;;;;;;;;;;;;5;4;;;;;;;;;;;;;;;;;;;;;9;;2025-02-19 05:47:40;;0;0;2;2;0;0;2,13
225;CASE000224;224;group2;interview;2025-02-19 05:47:40;3;2;3;;2;5;1;1;1;1;1;1;2;1;3;4;6;4;;;;;;;;;;;;;;;;;;;;;;;;;;;;;;;;;;;;;;;;;;;11;7;5;4;6;13;2;15;3;8;9;10;12;14;1;card_11_nothing.jpg;card_7_heroic.jpg;card_5_nothing.jpg;card_4_heroic.jpg;card_6_cute.jpg;;;;;;;;;;;;;;;34;63;38;24;18;;;;;;;;;;;;;;;;;;177;;2025-02-19 05:50:37;;0;0;5;5;15;4;1,59
233;;;starting_point;interview;2025-02-19 10:23:40;;;;1;;;;;;;;;;;;;;;;;;;;;;;;;;;;;;;;;;;;;;;;;;;;;;;;;;;;;;;19;3;;;;;;;;;;;;;;;;;;;;;;;;;;;;;;;;;;;53;22;;;;;;;;;;;;;;;;;;;;;58;;2025-02-19 10:24:55;;0;0;2;2;0;0;0,32
234;CASE000233;233;group3;interview;2025-02-19 10:24:55;5;2;1;;2;3;1;2;1;1;1;1;1;1;;;;;;;;;;;;;;;;;;;;;;;;;;;;;;;;;;;;;;;;;;;;;;;2;13;9;7;8;3;15;6;5;4;1;14;11;10;12;card_2_cute.png;;;;;;;;;;;;;;;;;;;42;;;;;;;;;;;;;;;;;;;;;;42;;2025-02-19 10:25:37;;0;0;1;1;0;0;0,88
236;;;starting_point;interview;2025-02-19 10:25:53;;;;1;;;;;;;;;;;;;;;;;;;;;;;;;;;;;;;;;;;;;;;;;;;;;;;;;;;;;;;19;1;;;;;;;;;;;;;;;;;;;;;;;;;;;;;;;;;;;55;7;;;;;;;;;;;;;;;;;;;;;62;;2025-02-19 10:26:55;;0;0;2;2;0;0;0,55
238;CASE000236;236;group1;interview;2025-02-19 10:26:55;12;2;4;;2;4;2;1;1;2;1;1;1;2;3;4;1;6;4;2;1;5;4;3;5;2;4;6;4;;3;2;1;2;1;2;1;2;1;2;1;1;1;2;2;1;1;2;1;1;2;3;1;2;1;2;1;2;;;4;11;12;10;6;1;3;9;7;15;13;2;8;5;14;card_4_cute.png;card_11_heroic.jpg;card_12_nothing.jpg;card_10_cute.jpg;card_6_nothing.jpg;card_1_cute.png;card_3_nothing.jpg;card_9_nothing.jpg;card_7_cute.jpg;card_15_nothing.jpg;card_13_cute.jpg;card_2_heroic.jpg;card_8_heroic.jpg;card_5_heroic.jpg;card_14_heroic.jpg;MC_card_1_cute.png;MC_card_2_heroic.png;MC_card_2_cute.png;MC_card_1_heroic.png;48;198;78;39;79;308;30;42;579;38;27;41;27;37;38;41;17;36;17;8;2;43;925;;2025-02-19 10:56:29;;1;0;22;22;19;5;0,74
240;;;starting_point;interview;2025-02-19 13:07:31;;;;1;;;;;;;;;;;;;;;;;;;;;;;;;;;;;;;;;;;;;;;;;;;;;;;;;;;;;;;20;2;;;;;;;;;;;;;;;;;;;;;;;;;;;;;;;;;;;1036;11;;;;;;;;;;;;;;;;;;;;;33;;2025-02-19 13:24:58;;0;0;2;2;0;0;0,24
242;;;starting_point;interview;2025-02-19 13:25:34;;;;1;;;;;;;;;;;;;;;;;;;;;;;;;;;;;;;;;;;;;;;;;;;;;;;;;;;;;;;20;3;;;;;;;;;;;;;;;;;;;;;;;;;;;;;;;;;;;29;1;;;;;;;;;;;;;;;;;;;;;30;;2025-02-19 13:26:04;;0;0;2;2;0;0;1,87
243;CASE000242;242;group3;interview;2025-02-19 13:26:04;3;2;3;;4;4;1;1;1;1;1;1;2;1;5;4;5;4;4;3;6;4;4;3;4;4;2;4;3;;3;1;2;2;1;1;2;3;2;1;2;1;2;1;2;1;2;1;1;1;2;3;1;1;2;2;1;2;;;5;13;10;7;4;9;3;14;11;1;8;6;12;2;15;card_5_cute.jpg;card_13_nothing.jpg;card_10_nothing.jpg;card_7_nothing.jpg;card_4_nothing.jpg;card_9_heroic.jpg;card_3_heroic.png;card_14_cute.jpg;card_11_cute.jpg;card_1_nothing.jpg;card_8_cute.jpg;card_6_heroic.jpg;card_12_heroic.jpg;card_2_cute.png;card_15_heroic.jpg;MC_card_2_cute.png;MC_card_1_cute.png;MC_card_2_heroic.png;MC_card_1_heroic.png;26;232;192;116;37;149;51;28;290;116;30;24;48;41;61;34;35;11;14;13;2;52;890;;2025-02-19 13:52:47;;1;0;22;22;19;5;0,79
244;;;starting_point;interview;2025-02-20 03:30:41;;;;1;;;;;;;;;;;;;;;;;;;;;;;;;;;;;;;;;;;;;;;;;;;;;;;;;;;;;;;20;1;;;;;;;;;;;;;;;;;;;;;;;;;;;;;;;;;;;3;5;;;;;;;;;;;;;;;;;;;;;8;;2025-02-20 03:30:49;;0;0;2;2;0;0;2,00
245;CASE000244;244;group1;interview;2025-02-20 03:30:49;12;2;1;;1;5;1;2;1;1;1;1;1;1;3;;;;;;;;;;;;;;;;;;;;;;;;;;;;;;;;;;;;;;;;;;;;;;12;9;10;1;7;4;15;13;8;2;11;3;6;5;14;card_12_nothing.jpg;card_9_nothing.jpg;;;;;;;;;;;;;;;;;;15;49;5;;;;;;;;;;;;;;;;;;;;69;;2025-02-20 03:31:58;;0;0;3;3;9;2;2,40
246;;;starting_point;interview;2025-02-20 03:32:06;;;;1;;;;;;;;;;;;;;;;;;;;;;;;;;;;;;;;;;;;;;;;;;;;;;;;;;;;;;;21;2;;;;;;;;;;;;;;;;;;;;;;;;;;;;;;;;;;;2;1;;;;;;;;;;;;;;;;;;;;;3;;2025-02-20 03:32:09;;0;0;2;2;0;0;3,00
247;CASE000246;246;group2;interview;2025-02-20 03:32:10;12;2;2;;1;4;1;2;1;1;1;1;1;1;;;;;;;;;;;;;;;;;;;;;;;;;;;;;;;;;;;;;;;;;;;;;;;8;7;2;14;11;4;15;13;5;1;12;9;3;6;10;card_8_nothing.jpg;;;;;;;;;;;;;;;;;;;16;;;;;;;;;;;;;;;;;;;;;;16;;2025-02-20 03:32:26;;0;0;1;1;0;0;2,00
249;;;starting_point;interview;2025-02-20 21:57:34;;;;1;;;;;;;;;;;;;;;;;;;;;;;;;;;;;;;;;;;;;;;;;;;;;;;;;;;;;;;21;1;;;;;;;;;;;;;;;;;;;;;;;;;;;;;;;;;;;3;2;;;;;;;;;;;;;;;;;;;;;5;;2025-02-20 21:57:39;;0;0;2;2;0;0;2,75
250;CASE000249;249;group1;interview;2025-02-20 21:57:39;12;2;1;;1;4;1;2;1;1;1;1;1;1;6;6;;;;;;;;;;;;;;;;;;;;;;;;;;;;;;;;;;;;;;;;;;;;;5;14;8;3;15;2;10;4;12;11;1;6;13;7;9;card_5_heroic.jpg;card_14_heroic.jpg;card_8_heroic.jpg;;;;;;;;;;;;;;;;;19;140;46;;;;;;;;;;;;;;;;;;;;205;;2025-02-20 22:01:04;;0;0;3;3;13;3;1,14
252;;;starting_point;interview;2025-02-20 21:58:12;;;;1;;;;;;;;;;;;;;;;;;;;;;;;;;;;;;;;;;;;;;;;;;;;;;;;;;;;;;;21;3;;;;;;;;;;;;;;;;;;;;;;;;;;;;;;;;;;;114;11;;;;;;;;;;;;;;;;;;;;;33;;2025-02-20 22:00:17;;0;0;2;2;0;0;0,32
253;CASE000252;252;group3;interview;2025-02-20 22:00:17;11;2;4;;4;5;2;1;1;1;1;1;2;2;3;2;4;6;7;7;6;3;6;6;5;5;7;3;5;Leider waren eininge Bilder bugged, sodass man nur einen schwarzen Kasten sehen konnte.;3;2;1;2;1;2;1;2;1;2;1;1;1;2;3;1;2;1;2;1;2;2;2;1;2;1;1;1;;;9;12;2;10;4;7;14;1;8;3;13;15;5;6;11;card_9_heroic.jpg;card_12_heroic.jpg;card_2_cute.png;card_10_nothing.jpg;card_4_nothing.jpg;card_7_nothing.jpg;card_14_cute.jpg;card_1_nothing.jpg;card_8_cute.jpg;card_3_heroic.png;card_13_nothing.jpg;card_15_heroic.jpg;card_5_cute.jpg;card_6_heroic.jpg;card_11_cute.jpg;MC_card_2_cute.png;MC_card_2_heroic.png;MC_card_1_heroic.png;MC_card_1_cute.png;33;49;169;35;38;49;74;93;31;46;20;64;46;26;29;42;14;13;9;21;44;9;770;;2025-02-20 22:16:11;;1;0;22;22;17;4;0,90
258;;;starting_point;interview;2025-02-21 15:47:48;;;;1;;;;;;;;;;;;;;;;;;;;;;;;;;;;;;;;;;;;;;;;;;;;;;;;;;;;;;;22;3;;;;;;;;;;;;;;;;;;;;;;;;;;;;;;;;;;;47;3;;;;;;;;;;;;;;;;;;;;;50;;2025-02-21 15:48:39;;0;0;2;2;0;0;1,06
259;;;starting_point;interview;2025-02-21 15:48:14;;;;1;;;;;;;;;;;;;;;;;;;;;;;;;;;;;;;;;;;;;;;;;;;;;;;;;;;;;;;22;2;;;;;;;;;;;;;;;;;;;;;;;;;;;;;;;;;;;231;4;;;;;;;;;;;;;;;;;;;;;26;;2025-02-21 15:52:09;;0;0;2;2;0;0;0,67
260;CASE000258;258;group3;interview;2025-02-21 15:48:39;11;2;2;;1;4;2;2;1;1;1;1;2;1;4;4;5;5;4;4;6;5;4;5;4;5;4;4;4;;6;2;2;2;2;2;2;2;1;2;1;1;1;2;3;1;2;1;2;1;2;3;1;2;1;2;1;2;;;11;1;7;14;2;13;3;5;4;6;15;12;9;8;10;card_11_cute.jpg;card_1_nothing.jpg;card_7_nothing.jpg;card_14_cute.jpg;card_2_cute.png;card_13_nothing.jpg;card_3_heroic.png;card_5_cute.jpg;card_4_nothing.jpg;card_6_heroic.jpg;card_15_heroic.jpg;card_12_heroic.jpg;card_9_heroic.jpg;card_8_cute.jpg;card_10_nothing.jpg;MC_card_1_cute.png;MC_card_2_cute.png;MC_card_2_heroic.png;MC_card_1_heroic.png;37;114;63;37;31;36;50;31;34;73;72;29;35;15;37;31;47;18;10;7;2;11;820;;2025-02-21 16:02:20;;1;0;22;22;19;5;1,05
263;CASE000259;259;group2;interview;2025-02-21 15:52:09;12;2;4;;2;4;3;2;1;1;1;1;2;2;5;4;2;6;2;6;7;2;3;4;6;5;6;4;6;;2;1;2;1;1;1;2;2;1;1;1;2;1;2;1;1;1;1;1;2;1;2;2;1;2;1;1;1;;;8;11;1;2;9;4;14;12;15;5;13;10;7;3;6;card_8_nothing.jpg;card_11_nothing.jpg;card_1_heroic.png;card_2_nothing.jpg;card_9_cute.jpg;card_4_heroic.jpg;card_14_nothing.jpg;card_12_cute.jpg;card_15_cute.jpg;card_5_nothing.jpg;card_13_heroic.jpg;card_10_heroic.jpg;card_7_heroic.jpg;card_3_cute.png;card_6_cute.jpg;MC_card_2_heroic.png;MC_card_1_heroic.png;MC_card_1_cute.png;MC_card_2_cute.png;44;93;39;32;22;39;19;32;22;44;121;29;31;26;21;24;14;7;8;6;2;29;704;;2025-02-21 16:03:53;;1;0;22;22;19;5;1,24
264;;;starting_point;interview;2025-02-21 16:02:42;;;;1;;;;;;;;;;;;;;;;;;;;;;;;;;;;;;;;;;;;;;;;;;;;;;;;;;;;;;;22;1;;;;;;;;;;;;;;;;;;;;;;;;;;;;;;;;;;;12;2;;;;;;;;;;;;;;;;;;;;;14;;2025-02-21 16:02:56;;0;0;2;2;0;0;2,15
265;CASE000264;264;group1;interview;2025-02-21 16:02:56;19;2;4;;4;5;3;1;2;1;2;1;1;2;6;4;4;4;6;3;6;6;6;2;6;3;4;6;4;;2;1;1;1;2;1;2;2;1;2;1;1;1;2;2;2;1;1;1;2;1;2;1;1;1;2;1;2;;;9;8;11;10;6;12;4;7;15;1;3;5;13;14;2;card_9_nothing.jpg;card_8_heroic.jpg;card_11_heroic.jpg;card_10_cute.jpg;card_6_nothing.jpg;card_12_nothing.jpg;card_4_cute.png;card_7_cute.jpg;card_15_nothing.jpg;card_1_cute.png;card_3_nothing.jpg;card_5_heroic.jpg;card_13_cute.jpg;card_14_heroic.jpg;card_2_heroic.jpg;MC_card_1_cute.png;MC_card_2_heroic.png;MC_card_2_cute.png;MC_card_1_heroic.png;1042;147;918;33;32;23;28;30;25;32;18;32;30;28;66;50;27;8;10;5;3;7;712;;2025-02-21 16:46:11;;1;0;22;22;7;2;1,05
266;;;starting_point;interview;2025-02-21 16:12:37;;;;1;;;;;;;;;;;;;;;;;;;;;;;;;;;;;;;;;;;;;;;;;;;;;;;;;;;;;;;23;2;;;;;;;;;;;;;;;;;;;;;;;;;;;;;;;;;;;7;2;;;;;;;;;;;;;;;;;;;;;9;;2025-02-21 16:12:46;;0;0;2;2;0;0;2,75
267;CASE000266;266;group2;interview;2025-02-21 16:12:46;4;2;5;;4;5;3;2;1;2;2;1;1;1;5;4;2;5;4;5;4;4;4;4;4;4;4;3;5;;1;1;1;1;1;1;2;3;2;2;1;1;1;2;2;2;1;2;1;1;1;1;1;1;2;1;1;1;;;14;1;12;8;13;5;15;4;10;11;3;9;7;2;6;card_14_nothing.jpg;card_1_heroic.png;card_12_cute.jpg;card_8_nothing.jpg;card_13_heroic.jpg;card_5_nothing.jpg;card_15_cute.jpg;card_4_heroic.jpg;card_10_heroic.jpg;card_11_nothing.jpg;card_3_cute.png;card_9_cute.jpg;card_7_heroic.jpg;card_2_nothing.jpg;card_6_cute.jpg;MC_card_1_heroic.png;MC_card_2_heroic.png;MC_card_2_cute.png;MC_card_1_cute.png;21;178;110;46;86;65;30;30;25;12;20;77;157;16;25;29;21;10;6;6;5;17;867;;2025-02-21 16:29:18;;1;0;22;22;13;3;1,13
270;;;starting_point;interview;2025-02-21 16:52:53;;;;1;;;;;;;;;;;;;;;;;;;;;;;;;;;;;;;;;;;;;;;;;;;;;;;;;;;;;;;23;3;;;;;;;;;;;;;;;;;;;;;;;;;;;;;;;;;;;3;2;;;;;;;;;;;;;;;;;;;;;5;;2025-02-21 16:52:58;;0;0;2;2;0;0;2,75
271;CASE000270;270;group3;interview;2025-02-21 16:52:58;20;1;5;;4;5;1;1;1;1;2;1;1;1;7;6;7;4;5;2;4;5;5;6;2;5;4;5;4;;2;2;1;1;2;1;1;3;1;2;1;2;1;2;2;1;2;1;1;1;2;2;2;1;2;1;1;1;;;14;7;5;2;11;9;10;13;1;6;12;3;15;4;8;card_14_cute.jpg;card_7_nothing.jpg;card_5_cute.jpg;card_2_cute.png;card_11_cute.jpg;card_9_heroic.jpg;card_10_nothing.jpg;card_13_nothing.jpg;card_1_nothing.jpg;card_6_heroic.jpg;card_12_heroic.jpg;card_3_heroic.png;card_15_heroic.jpg;card_4_nothing.jpg;card_8_cute.jpg;MC_card_2_cute.png;MC_card_2_heroic.png;MC_card_1_heroic.png;MC_card_1_cute.png;27;46;42;26;19;18;15;14;14;14;23;17;127;22;23;12;7;5;5;11;1;12;500;;2025-02-21 17:01:18;;1;0;22;22;16;4;1,80
272;;;starting_point;interview;2025-02-21 17:02:52;;;;1;;;;;;;;;;;;;;;;;;;;;;;;;;;;;;;;;;;;;;;;;;;;;;;;;;;;;;;23;1;;;;;;;;;;;;;;;;;;;;;;;;;;;;;;;;;;;19;3;;;;;;;;;;;;;;;;;;;;;22;;2025-02-21 17:03:14;;0;0;2;2;0;0;1,40
273;CASE000272;272;group1;interview;2025-02-21 17:03:14;12;2;5;;4;5;1;1;1;1;2;1;1;1;7;5;4;3;1;;;;;;;;;;;;;;;;;;;;;;;;;;;;;;;;;;;;;;;;;;4;3;7;10;1;14;2;12;15;5;8;11;6;9;13;card_4_cute.png;card_3_nothing.jpg;card_7_cute.jpg;card_10_cute.jpg;card_1_cute.png;card_14_heroic.jpg;;;;;;;;;;;;;;15;90;22;33;15;23;;;;;;;;;;;;;;;;;198;;2025-02-21 17:06:32;;0;0;6;6;16;4;1,71
275;;;starting_point;interview;2025-02-21 18:25:56;;;;1;;;;;;;;;;;;;;;;;;;;;;;;;;;;;;;;;;;;;;;;;;;;;;;;;;;;;;;24;3;;;;;;;;;;;;;;;;;;;;;;;;;;;;;;;;;;;15;3;;;;;;;;;;;;;;;;;;;;;18;;2025-02-21 18:26:14;;0;0;2;2;0;0;1,55
276;CASE000275;275;group3;interview;2025-02-21 18:26:14;10;2;5;;4;5;4;1;1;2;2;2;1;2;4;3;2;1;4;4;5;4;3;4;6;4;5;1;3;;3;2;1;2;1;2;1;3;2;2;1;1;1;2;2;1;2;1;1;1;2;3;2;2;2;1;1;1;;;2;9;15;1;3;13;10;11;14;8;5;6;7;12;4;card_2_cute.png;card_9_heroic.jpg;card_15_heroic.jpg;card_1_nothing.jpg;card_3_heroic.png;card_13_nothing.jpg;card_10_nothing.jpg;card_11_cute.jpg;card_14_cute.jpg;card_8_cute.jpg;card_5_cute.jpg;card_6_heroic.jpg;card_7_nothing.jpg;card_12_heroic.jpg;card_4_nothing.jpg;MC_card_1_cute.png;MC_card_2_heroic.png;MC_card_1_heroic.png;MC_card_2_cute.png;21;37;21;23;14;16;16;22;27;33;28;33;16;33;16;22;9;12;12;7;2;19;439;;2025-02-21 18:33:34;;1;0;22;22;19;5;1,64
281;;;starting_point;interview;2025-02-21 18:51:04;;;;1;;;;;;;;;;;;;;;;;;;;;;;;;;;;;;;;;;;;;;;;;;;;;;;;;;;;;;;24;1;;;;;;;;;;;;;;;;;;;;;;;;;;;;;;;;;;;13;5;;;;;;;;;;;;;;;;;;;;;18;;2025-02-21 18:51:22;;0;0;2;2;0;0;1,33
283;CASE000281;281;group1;interview;2025-02-21 18:51:22;25;2;4;;4;5;3;2;1;2;1;1;2;1;1;1;1;1;1;1;1;1;1;1;1;1;1;1;1;If it's not worth the time for a human to make, it's not worth my time to read it. Ai is fucking trash and if it's used to make Magic Cards - I will stop buying Magic cards forever.;1;1;1;1;1;2;1;1;1;1;1;1;2;1;1;1;1;1;1;2;1;1;1;1;1;1;2;1;;;11;4;12;9;15;10;2;5;1;7;13;8;3;14;6;card_11_heroic.jpg;card_4_cute.png;card_12_nothing.jpg;card_9_nothing.jpg;card_15_nothing.jpg;card_10_cute.jpg;card_2_heroic.jpg;card_5_heroic.jpg;card_1_cute.png;card_7_cute.jpg;card_13_cute.jpg;card_8_heroic.jpg;card_3_nothing.jpg;card_14_heroic.jpg;card_6_nothing.jpg;MC_card_2_heroic.png;MC_card_2_cute.png;MC_card_1_cute.png;MC_card_1_heroic.png;22;69;14;11;10;11;10;10;10;13;11;10;12;10;10;11;11;3;4;4;27;6;299;;2025-02-21 18:56:21;;1;0;22;22;0;0;2,50
286;;;starting_point;interview;2025-02-21 18:57:21;;;;1;;;;;;;;;;;;;;;;;;;;;;;;;;;;;;;;;;;;;;;;;;;;;;;;;;;;;;;24;2;;;;;;;;;;;;;;;;;;;;;;;;;;;;;;;;;;;9;3;;;;;;;;;;;;;;;;;;;;;12;;2025-02-21 18:57:33;;0;0;2;2;0;0;2,03
287;CASE000286;286;group2;interview;2025-02-21 18:57:33;9;2;5;;4;5;4;1;1;2;2;2;2;1;4;1;3;;;;;;;;;;;;;;;;;;;;;;;;;;;;;;;;;;;;;;;;;;;;2;1;10;15;11;3;5;14;7;8;12;6;9;4;13;card_2_nothing.jpg;card_1_heroic.png;card_10_heroic.jpg;card_15_cute.jpg;;;;;;;;;;;;;;;;36;44;106;1007;;;;;;;;;;;;;;;;;;;232;;2025-02-21 19:17:26;;0;0;4;4;14;4;0,88
289;;;starting_point;interview;2025-02-21 18:58:43;;;;1;;;;;;;;;;;;;;;;;;;;;;;;;;;;;;;;;;;;;;;;;;;;;;;;;;;;;;;25;2;;;;;;;;;;;;;;;;;;;;;;;;;;;;;;;;;;;6;10;;;;;;;;;;;;;;;;;;;;;16;;2025-02-21 18:58:59;;0;0;2;2;0;0;1,75
290;CASE000289;289;group2;interview;2025-02-21 18:58:59;26;2;4;;4;5;1;2;1;1;1;1;1;1;7;1;4;4;5;3;3;3;4;5;4;7;6;3;5;;1;2;1;1;1;1;1;1;1;1;1;1;1;2;1;1;1;2;1;1;1;1;1;1;1;1;1;2;;;5;7;15;11;4;12;9;1;6;14;2;13;8;10;3;card_5_nothing.jpg;card_7_heroic.jpg;card_15_cute.jpg;card_11_nothing.jpg;card_4_heroic.jpg;card_12_cute.jpg;card_9_cute.jpg;card_1_heroic.png;card_6_cute.jpg;card_14_nothing.jpg;card_2_nothing.jpg;card_13_heroic.jpg;card_8_nothing.jpg;card_10_heroic.jpg;card_3_cute.png;MC_card_1_cute.png;MC_card_2_heroic.png;MC_card_2_cute.png;MC_card_1_heroic.png;33;97;101;44;43;38;45;28;49;23;27;31;74;34;48;46;10;9;16;6;2;3;807;;2025-02-21 19:12:26;;1;0;22;22;19;5;1,12
291;;;starting_point;interview;2025-02-21 19:07:55;;;;1;;;;;;;;;;;;;;;;;;;;;;;;;;;;;;;;;;;;;;;;;;;;;;;;;;;;;;;25;3;;;;;;;;;;;;;;;;;;;;;;;;;;;;;;;;;;;11;5;;;;;;;;;;;;;;;;;;;;;16;;2025-02-21 19:08:11;;0;0;2;2;0;0;1,48
292;CASE000291;291;group3;interview;2025-02-21 19:08:12;17;1;3;;4;5;2;2;1;2;1;1;1;1;4;4;4;4;3;3;3;4;4;4;4;3;4;2;4;AI slop looks terrible. If it's not worth a human's time to make, it's not worth a human's time to look at or play with.;1;1;1;1;1;2;1;1;1;1;1;1;2;1;1;1;1;1;1;2;1;1;1;1;1;1;2;1;;;5;4;11;15;7;10;13;6;14;12;2;3;9;1;8;card_5_cute.jpg;card_4_nothing.jpg;card_11_cute.jpg;card_15_heroic.jpg;card_7_nothing.jpg;card_10_nothing.jpg;card_13_nothing.jpg;card_6_heroic.jpg;card_14_cute.jpg;card_12_heroic.jpg;card_2_cute.png;card_3_heroic.png;card_9_heroic.jpg;card_1_nothing.jpg;card_8_cute.jpg;MC_card_1_heroic.png;MC_card_2_cute.png;MC_card_1_cute.png;MC_card_2_heroic.png;18;150;14;23;87;15;20;15;32;32;20;23;19;15;19;24;36;3;15;2;17;12;611;;2025-02-21 19:18:23;;1;0;22;22;0;0;1,58
294;;;starting_point;interview;2025-02-21 19:09:50;;;;1;;;;;;;;;;;;;;;;;;;;;;;;;;;;;;;;;;;;;;;;;;;;;;;;;;;;;;;25;1;;;;;;;;;;;;;;;;;;;;;;;;;;;;;;;;;;;29;4;;;;;;;;;;;;;;;;;;;;;33;;2025-02-21 19:10:23;;0;0;2;2;0;0;1,00
295;CASE000294;294;group1;interview;2025-02-21 19:10:23;11;2;3;;4;5;3;2;1;2;2;1;1;1;5;4;1;1;1;;;;;;;;;;;;;;;;;;;;;;;;;;;;;;;;;;;;;;;;;;2;3;7;14;11;4;6;8;13;12;5;1;10;15;9;card_2_heroic.jpg;card_3_nothing.jpg;card_7_cute.jpg;card_14_heroic.jpg;card_11_heroic.jpg;card_4_cute.png;;;;;;;;;;;;;;27;32;13;20;23;24;;;;;;;;;;;;;;;;;139;;2025-02-21 19:12:42;;0;0;6;6;16;4;2,01
296;;;starting_point;interview;2025-02-21 19:16:30;;;;1;;;;;;;;;;;;;;;;;;;;;;;;;;;;;;;;;;;;;;;;;;;;;;;;;;;;;;;26;3;;;;;;;;;;;;;;;;;;;;;;;;;;;;;;;;;;;139;5;;;;;;;;;;;;;;;;;;;;;27;;2025-02-21 19:18:54;;0;0;2;2;0;0;0,58
298;CASE000296;296;group3;interview;2025-02-21 19:18:54;21;5;3;;4;5;1;2;1;1;1;1;1;1;4;;;;;;;;;;;;;;;;;;;;;;;;;;;;;;;;;;;;;;;;;;;;;;6;8;2;7;4;10;13;1;15;5;3;12;11;14;9;card_6_heroic.jpg;card_8_cute.jpg;;;;;;;;;;;;;;;;;;21;29;;;;;;;;;;;;;;;;;;;;;50;;2025-02-21 19:19:44;;0;0;2;2;9;2;2,13
299;;;starting_point;interview;2025-02-21 19:22:20;;;;1;;;;;;;;;;;;;;;;;;;;;;;;;;;;;;;;;;;;;;;;;;;;;;;;;;;;;;;26;2;;;;;;;;;;;;;;;;;;;;;;;;;;;;;;;;;;;20;5;;;;;;;;;;;;;;;;;;;;;25;;2025-02-21 19:22:45;;0;0;2;2;0;0;1,04
300;CASE000299;299;group2;interview;2025-02-21 19:22:45;16;1;2;;2;5;1;2;1;1;1;1;1;1;;;;;;;;;;;;;;;;;;;;;;;;;;;;;;;;;;;;;;;;;;;;;;;9;15;7;14;8;5;10;3;6;2;11;13;12;1;4;card_9_cute.jpg;;;;;;;;;;;;;;;;;;;26;;;;;;;;;;;;;;;;;;;;;;26;;2025-02-21 19:23:11;;0;0;1;1;0;0;1,23
301;;;starting_point;interview;2025-02-21 19:24:35;;;;1;;;;;;;;;;;;;;;;;;;;;;;;;;;;;;;;;;;;;;;;;;;;;;;;;;;;;;;26;1;;;;;;;;;;;;;;;;;;;;;;;;;;;;;;;;;;;32;13;;;;;;;;;;;;;;;;;;;;;45;;2025-02-21 19:25:20;;0;0;2;2;0;0;0,53
302;CASE000301;301;group1;interview;2025-02-21 19:25:20;14;2;4;;4;5;3;2;1;2;1;1;2;1;6;4;3;5;4;5;3;3;6;4;3;3;3;2;5;AI has alot of potential for ruining the game. Magic is already in a bad place with power creep that you cant really pull back from. Adding AI will only increase the risk of breaking the game further at the cost of taking jobs away from real artists and game devs.;2;1;2;1;1;1;2;2;1;2;1;1;1;2;2;2;1;2;1;1;1;2;2;1;2;1;1;1;;;4;11;3;2;15;9;14;6;13;5;8;7;1;12;10;card_4_cute.png;card_11_heroic.jpg;card_3_nothing.jpg;card_2_heroic.jpg;card_15_nothing.jpg;card_9_nothing.jpg;card_14_heroic.jpg;card_6_nothing.jpg;card_13_cute.jpg;card_5_heroic.jpg;card_8_heroic.jpg;card_7_cute.jpg;card_1_cute.png;card_12_nothing.jpg;card_10_cute.jpg;MC_card_1_heroic.png;MC_card_2_heroic.png;MC_card_2_cute.png;MC_card_1_cute.png;50;61;42;36;27;42;23;33;30;23;41;30;23;22;22;31;17;10;12;6;71;15;599;;2025-02-21 19:36:27;;1;0;22;22;15;4;1,08
305;;;starting_point;interview;2025-02-21 20:50:14;;;;1;;;;;;;;;;;;;;;;;;;;;;;;;;;;;;;;;;;;;;;;;;;;;;;;;;;;;;;27;2;;;;;;;;;;;;;;;;;;;;;;;;;;;;;;;;;;;79;3;;;;;;;;;;;;;;;;;;;;;82;;2025-02-21 20:51:36;;0;0;2;2;0;0;0,97
307;;;starting_point;interview;2025-02-21 20:50:47;;;;1;;;;;;;;;;;;;;;;;;;;;;;;;;;;;;;;;;;;;;;;;;;;;;;;;;;;;;;27;3;;;;;;;;;;;;;;;;;;;;;;;;;;;;;;;;;;;13;7;;;;;;;;;;;;;;;;;;;;;20;;2025-02-21 20:51:07;;0;0;2;2;0;0;1,18
308;CASE000307;307;group3;interview;2025-02-21 20:51:07;28;2;1;;2;5;2;2;1;1;1;2;1;1;3;3;4;;;;;;;;;;;;;;;;;;;;;;;;;;;;;;;;;;;;;;;;;;;;1;8;15;14;13;11;5;7;4;3;9;12;6;2;10;card_1_nothing.jpg;card_8_cute.jpg;card_15_heroic.jpg;card_14_cute.jpg;;;;;;;;;;;;;;;;77;59;26;25;;;;;;;;;;;;;;;;;;;147;;2025-02-21 20:54:14;;0;0;4;4;14;4;1,24
309;CASE000305;305;group2;interview;2025-02-21 20:51:36;21;1;4;;2;5;2;2;1;1;1;2;1;1;6;7;6;7;5;5;7;5;4;4;4;7;6;4;5;I think there is an interesting opportunity for AI generated images on MtG cards but the suggested abilities and cost ratios were pretty bad across the board.;2;1;1;1;2;1;2;2;2;1;1;1;2;1;2;1;2;1;1;1;2;2;2;1;2;1;1;1;;;8;14;12;3;7;13;11;2;9;15;1;4;5;6;10;card_8_nothing.jpg;card_14_nothing.jpg;card_12_cute.jpg;card_3_cute.png;card_7_heroic.jpg;card_13_heroic.jpg;card_11_nothing.jpg;card_2_nothing.jpg;card_9_cute.jpg;card_15_cute.jpg;card_1_heroic.png;card_4_heroic.jpg;card_5_nothing.jpg;card_6_cute.jpg;card_10_heroic.jpg;MC_card_1_heroic.png;MC_card_1_cute.png;MC_card_2_heroic.png;MC_card_2_cute.png;31;136;100;50;71;55;41;57;46;52;49;34;44;43;61;38;42;190;38;23;46;19;1012;;2025-02-21 21:12:43;;1;0;22;22;0;0;0,66
310;;;starting_point;interview;2025-02-21 21:07:12;;;;1;;;;;;;;;;;;;;;;;;;;;;;;;;;;;;;;;;;;;;;;;;;;;;;;;;;;;;;27;1;;;;;;;;;;;;;;;;;;;;;;;;;;;;;;;;;;;7;5;;;;;;;;;;;;;;;;;;;;;12;;2025-02-21 21:07:24;;0;0;2;2;0;0;2,00
311;CASE000310;310;group1;interview;2025-02-21 21:07:24;17;2;5;;4;5;1;1;1;1;1;2;1;1;7;3;4;4;;;;;;;;;;;;;;;;;;;;;;;;;;;;;;;;;;;;;;;;;;;6;10;11;1;14;15;9;4;12;7;5;3;8;2;13;card_6_nothing.jpg;card_10_cute.jpg;card_11_heroic.jpg;card_1_cute.png;card_14_heroic.jpg;;;;;;;;;;;;;;;23;77;64;25;28;;;;;;;;;;;;;;;;;;217;;2025-02-21 21:11:01;;0;0;5;5;15;4;1,25
318;;;starting_point;interview;2025-02-22 12:54:22;;;;1;;;;;;;;;;;;;;;;;;;;;;;;;;;;;;;;;;;;;;;;;;;;;;;;;;;;;;;28;3;;;;;;;;;;;;;;;;;;;;;;;;;;;;;;;;;;;738;3;;;;;;;;;;;;;;;;;;;;;25;;2025-02-22 13:06:43;;0;0;2;2;0;0;0,85
319;CASE000318;318;group3;interview;2025-02-22 13:06:43;13;2;5;;4;5;2;1;1;1;1;1;2;2;4;2;1;1;1;3;4;2;3;2;4;1;3;4;5;;2;2;1;1;1;2;1;2;2;1;2;1;1;1;2;1;2;1;1;1;2;1;1;1;1;1;1;2;;;4;7;11;15;12;9;8;10;3;2;5;1;14;13;6;card_4_nothing.jpg;card_7_nothing.jpg;card_11_cute.jpg;card_15_heroic.jpg;card_12_heroic.jpg;card_9_heroic.jpg;card_8_cute.jpg;card_10_nothing.jpg;card_3_heroic.png;card_2_cute.png;card_5_cute.jpg;card_1_nothing.jpg;card_14_cute.jpg;card_13_nothing.jpg;card_6_heroic.jpg;MC_card_1_cute.png;MC_card_2_cute.png;MC_card_2_heroic.png;MC_card_1_heroic.png;74;49;30;36;26;21;29;49;35;35;33;43;25;34;27;33;11;8;6;11;7;70;604;;2025-02-22 13:18:15;;1;0;22;22;19;5;1,11
322;;;starting_point;interview;2025-02-22 16:12:41;;;;1;;;;;;;;;;;;;;;;;;;;;;;;;;;;;;;;;;;;;;;;;;;;;;;;;;;;;;;28;1;;;;;;;;;;;;;;;;;;;;;;;;;;;;;;;;;;;7;6;;;;;;;;;;;;;;;;;;;;;13;;2025-02-22 16:12:54;;0;0;2;2;0;0;1,92
323;CASE000322;322;group1;interview;2025-02-22 16:12:54;11;2;5;;4;5;1;1;1;1;2;1;1;1;5;5;4;;;;;;;;;;;;;;;;;;;;;;;;;;;;;;;;;;;;;;;;;;;;13;9;7;12;5;11;2;10;3;4;15;14;8;6;1;card_13_cute.jpg;card_9_nothing.jpg;card_7_cute.jpg;card_12_nothing.jpg;;;;;;;;;;;;;;;;31;106;65;58;;;;;;;;;;;;;;;;;;;260;;2025-02-22 16:17:14;;0;0;4;4;14;4;0,84
324;;;starting_point;interview;2025-02-22 18:58:09;;;;1;;;;;;;;;;;;;;;;;;;;;;;;;;;;;;;;;;;;;;;;;;;;;;;;;;;;;;;28;2;;;;;;;;;;;;;;;;;;;;;;;;;;;;;;;;;;;13;39;;;;;;;;;;;;;;;;;;;;;18;;2025-02-22 18:59:01;;0;0;2;2;0;0;0,89
325;CASE000324;324;group2;interview;2025-02-22 18:59:01;20;2;4;;4;4;2;1;1;1;2;1;2;1;2;4;4;4;4;4;3;4;4;4;4;5;4;4;5;;3;2;1;2;1;2;1;3;1;2;2;1;1;2;2;1;2;1;1;1;2;3;1;2;1;2;1;2;;;12;10;13;7;2;6;1;14;5;15;9;3;4;8;11;card_12_cute.jpg;card_10_heroic.jpg;card_13_heroic.jpg;card_7_heroic.jpg;card_2_nothing.jpg;card_6_cute.jpg;card_1_heroic.png;card_14_nothing.jpg;card_5_nothing.jpg;card_15_cute.jpg;card_9_cute.jpg;card_3_cute.png;card_4_heroic.jpg;card_8_nothing.jpg;card_11_nothing.jpg;MC_card_1_cute.png;MC_card_2_cute.png;MC_card_2_heroic.png;MC_card_1_heroic.png;26;45;35;35;28;54;33;20;23;21;39;15;20;20;22;20;14;12;11;8;2;19;522;;2025-02-22 19:07:43;;1;0;22;22;19;5;1,40
326;;;starting_point;interview;2025-02-22 20:07:39;;;;1;;;;;;;;;;;;;;;;;;;;;;;;;;;;;;;;;;;;;;;;;;;;;;;;;;;;;;;29;1;;;;;;;;;;;;;;;;;;;;;;;;;;;;;;;;;;;32;4;;;;;;;;;;;;;;;;;;;;;36;;2025-02-22 20:08:15;;0;0;2;2;0;0;0,96
327;CASE000326;326;group1;interview;2025-02-22 20:08:15;7;1;3;;1;4;2;2;1;1;1;1;2;1;4;5;4;3;3;5;2;4;4;2;5;4;4;5;2;I absolutely hate the cards with the overly big eyes. It does not look like magic cards;2;1;2;1;1;1;2;1;1;1;1;1;1;2;1;2;1;1;1;1;1;4;2;1;2;2;2;1;;;10;8;14;6;9;5;13;4;2;12;7;3;1;11;15;card_10_cute.jpg;card_8_heroic.jpg;card_14_heroic.jpg;card_6_nothing.jpg;card_9_nothing.jpg;card_5_heroic.jpg;card_13_cute.jpg;card_4_cute.png;card_2_heroic.jpg;card_12_nothing.jpg;card_7_cute.jpg;card_3_nothing.jpg;card_1_cute.png;card_11_heroic.jpg;card_15_nothing.jpg;MC_card_2_heroic.png;MC_card_1_heroic.png;MC_card_1_cute.png;MC_card_2_cute.png;32;50;37;41;45;20;64;27;71;21;39;185;53;23;22;23;10;10;8;5;46;5;639;;2025-02-22 20:22:14;;1;0;22;22;17;4;1,15
330;;;starting_point;interview;2025-02-23 01:06:12;;;;1;;;;;;;;;;;;;;;;;;;;;;;;;;;;;;;;;;;;;;;;;;;;;;;;;;;;;;;29;3;;;;;;;;;;;;;;;;;;;;;;;;;;;;;;;;;;;40;6;;;;;;;;;;;;;;;;;;;;;46;;2025-02-23 01:06:58;;0;0;2;2;0;0;0,69
331;CASE000330;330;group3;interview;2025-02-23 01:06:58;15;2;4;;4;5;2;1;1;1;1;1;2;2;6;6;4;2;3;3;1;5;4;4;7;4;1;2;4;Automating art is a stupid concept. Leave creativity to the creatures that can feel.;1;1;1;1;1;2;1;1;1;1;1;1;1;2;1;2;1;1;1;1;1;1;1;1;1;1;2;1;;;4;14;15;8;9;2;12;13;7;10;3;5;1;6;11;card_4_nothing.jpg;card_14_cute.jpg;card_15_heroic.jpg;card_8_cute.jpg;card_9_heroic.jpg;card_2_cute.png;card_12_heroic.jpg;card_13_nothing.jpg;card_7_nothing.jpg;card_10_nothing.jpg;card_3_heroic.png;card_5_cute.jpg;card_1_nothing.jpg;card_6_heroic.jpg;card_11_cute.jpg;MC_card_1_cute.png;MC_card_2_heroic.png;MC_card_2_cute.png;MC_card_1_heroic.png;24;141;31;30;25;25;52;26;28;21;18;28;87;23;30;62;34;20;7;12;71;10;741;;2025-02-23 01:20:23;;1;0;22;22;15;4;1,07
332;;;starting_point;interview;2025-02-23 03:55:05;;;;1;;;;;;;;;;;;;;;;;;;;;;;;;;;;;;;;;;;;;;;;;;;;;;;;;;;;;;;29;2;;;;;;;;;;;;;;;;;;;;;;;;;;;;;;;;;;;4;7;;;;;;;;;;;;;;;;;;;;;11;;2025-02-23 03:55:16;;0;0;2;2;0;0;1,86
333;CASE000332;332;group2;interview;2025-02-23 03:55:16;13;2;4;;4;5;4;1;2;1;1;2;2;2;4;4;6;7;7;2;7;1;2;5;5;2;5;5;3;AI art is bad. Magic sold me on its art when I first started playing and the AI art is so souless;1;1;1;1;1;2;1;1;1;1;1;1;2;1;1;1;1;1;1;2;1;1;1;1;1;1;2;1;;;12;15;8;1;4;14;13;2;5;11;7;10;9;3;6;card_12_cute.jpg;card_15_cute.jpg;card_8_nothing.jpg;card_1_heroic.png;card_4_heroic.jpg;card_14_nothing.jpg;card_13_heroic.jpg;card_2_nothing.jpg;card_5_nothing.jpg;card_11_nothing.jpg;card_7_heroic.jpg;card_10_heroic.jpg;card_9_cute.jpg;card_3_cute.png;card_6_cute.jpg;MC_card_2_cute.png;MC_card_1_cute.png;MC_card_1_heroic.png;MC_card_2_heroic.png;31;36;31;39;16;14;15;27;16;20;18;24;15;28;33;41;21;4;4;2;42;10;487;;2025-02-23 04:03:25;;1;0;22;22;6;1;1,78
334;;;starting_point;interview;2025-02-23 13:28:42;;;;2;;;;;;;;;;;;;;;;;;;;;;;;;;;;;;;;;;;;;;;;;;;;;;;;;;;;;;;30;3;;;;;;;;;;;;;;;;;;;;;;;;;;;;;;;;;;;26;9;;;;;;;;;;;;;;;;;;;;;35;;2025-02-23 13:29:17;;1;0;2;2;0;0;0,69
336;;;starting_point;interview;2025-02-25 13:15:52;;;;1;;;;;;;;;;;;;;;;;;;;;;;;;;;;;;;;;;;;;;;;;;;;;;;;;;;;;;;30;1;;;;;;;;;;;;;;;;;;;;;;;;;;;;;;;;;;;3;13;;;;;;;;;;;;;;;;;;;;;16;;2025-02-25 13:16:08;;0;0;2;2;0;0;1,69
337;CASE000336;336;group1;interview;2025-02-25 13:16:08;11;2;3;;1;4;2;2;1;1;1;1;1;2;4;5;3;6;4;3;4;4;5;6;6;4;4;5;4;;4;2;1;2;1;2;2;2;1;2;1;1;1;2;3;1;2;1;2;1;2;3;2;1;2;1;2;1;;;15;2;12;6;3;9;1;8;14;13;7;10;4;5;11;card_15_nothing.jpg;card_2_heroic.jpg;card_12_nothing.jpg;card_6_nothing.jpg;card_3_nothing.jpg;card_9_nothing.jpg;card_1_cute.png;card_8_heroic.jpg;card_14_heroic.jpg;card_13_cute.jpg;card_7_cute.jpg;card_10_cute.jpg;card_4_cute.png;card_5_heroic.jpg;card_11_heroic.jpg;MC_card_2_cute.png;MC_card_1_heroic.png;MC_card_2_heroic.png;MC_card_1_cute.png;43;95;44;37;61;50;34;39;60;40;42;39;34;53;44;61;28;9;10;9;2;18;852;;2025-02-25 13:30:20;;1;0;22;22;19;5;0,85
342;;;starting_point;interview;2025-02-26 11:04:43;;;;1;;;;;;;;;;;;;;;;;;;;;;;;;;;;;;;;;;;;;;;;;;;;;;;;;;;;;;;30;2;;;;;;;;;;;;;;;;;;;;;;;;;;;;;;;;;;;28;6;;;;;;;;;;;;;;;;;;;;;34;;2025-02-26 11:05:17;;0;0;2;2;0;0;0,80
343;CASE000342;342;group2;interview;2025-02-26 11:05:17;16;2;4;;4;4;1;1;1;1;1;1;2;1;4;3;4;4;4;3;;;;;;;;;;;;;;;;;;;;;;;;;;;;;;;;;;;;;;;;;4;9;7;10;14;8;5;13;6;12;3;15;11;1;2;card_4_heroic.jpg;card_9_cute.jpg;card_7_heroic.jpg;card_10_heroic.jpg;card_14_nothing.jpg;card_8_nothing.jpg;card_5_nothing.jpg;;;;;;;;;;;;;54;140;62;57;38;43;48;;;;;;;;;;;;;;;;442;;2025-02-26 11:12:39;;0;0;7;7;14;3;0,86
346;;;starting_point;interview;2025-02-26 13:20:01;;;;1;;;;;;;;;;;;;;;;;;;;;;;;;;;;;;;;;;;;;;;;;;;;;;;;;;;;;;;31;3;;;;;;;;;;;;;;;;;;;;;;;;;;;;;;;;;;;4;4;;;;;;;;;;;;;;;;;;;;;8;;2025-02-26 13:20:09;;0;0;2;2;0;0;2,13
347;CASE000346;346;group3;interview;2025-02-26 13:20:09;23;2;4;;4;4;2;2;1;2;1;1;1;1;6;5;7;2;4;5;3;5;4;4;4;3;4;3;5;i vote for a green butterfly set if you didn't notice! :);3;2;1;2;1;2;1;2;1;2;1;1;1;2;3;2;1;2;1;1;2;3;1;2;1;2;1;2;;;3;11;15;1;13;4;7;5;9;8;2;6;14;12;10;card_3_heroic.png;card_11_cute.jpg;card_15_heroic.jpg;card_1_nothing.jpg;card_13_nothing.jpg;card_4_nothing.jpg;card_7_nothing.jpg;card_5_cute.jpg;card_9_heroic.jpg;card_8_cute.jpg;card_2_cute.png;card_6_heroic.jpg;card_14_cute.jpg;card_12_heroic.jpg;card_10_nothing.jpg;MC_card_1_cute.png;MC_card_2_heroic.png;MC_card_2_cute.png;MC_card_1_heroic.png;42;224;198;172;297;175;165;220;174;78;208;120;128;83;102;69;17;7;10;7;28;26;918;;2025-02-26 14:02:39;;1;0;22;22;0;0;0,50
350;;;starting_point;interview;2025-02-27 11:17:54;;;;1;;;;;;;;;;;;;;;;;;;;;;;;;;;;;;;;;;;;;;;;;;;;;;;;;;;;;;;31;1;;;;;;;;;;;;;;;;;;;;;;;;;;;;;;;;;;;25;4;;;;;;;;;;;;;;;;;;;;;29;;2025-02-27 11:18:23;;0;0;2;2;0;0;1,06
351;CASE000350;350;group1;interview;2025-02-27 11:18:23;24;2;4;;4;4;2;1;1;1;2;1;2;1;5;;;;;;;;;;;;;;;;;;;;;;;;;;;;;;;;;;;;;;;;;;;;;;4;8;10;12;11;15;3;2;1;9;5;6;14;13;7;card_4_cute.png;card_8_heroic.jpg;;;;;;;;;;;;;;;;;;76;238;;;;;;;;;;;;;;;;;;;;;314;;2025-02-27 11:23:37;;0;0;2;2;0;0;0,42
354;;;starting_point;interview;2025-02-27 11:54:16;;;;1;;;;;;;;;;;;;;;;;;;;;;;;;;;;;;;;;;;;;;;;;;;;;;;;;;;;;;;31;2;;;;;;;;;;;;;;;;;;;;;;;;;;;;;;;;;;;55;8;;;;;;;;;;;;;;;;;;;;;63;;2025-02-27 11:55:19;;0;0;2;2;0;0;0,51
355;CASE000354;354;group2;interview;2025-02-27 11:55:19;17;2;4;;4;4;4;1;1;2;1;2;2;2;4;5;3;5;4;3;2;7;6;4;5;1;4;2;3;With the current devenopment at wotc, Ai generated content is only one step further away from the once vivid and exciting Fantasy Game full of Lore and interesting characters. Crossovers, one set Gimmick worlds and dumb Secret lair Artwork all lead to uninspiring an stupid gameplay. The Game as it is now, hast almost lost me already;3;2;1;2;1;2;1;2;1;2;1;1;1;2;3;1;2;1;2;1;2;2;2;1;2;1;1;1;;;8;2;13;9;7;3;14;4;11;5;10;12;6;1;15;card_8_nothing.jpg;card_2_nothing.jpg;card_13_heroic.jpg;card_9_cute.jpg;card_7_heroic.jpg;card_3_cute.png;card_14_nothing.jpg;card_4_heroic.jpg;card_11_nothing.jpg;card_5_nothing.jpg;card_10_heroic.jpg;card_12_cute.jpg;card_6_cute.jpg;card_1_heroic.png;card_15_cute.jpg;MC_card_1_cute.png;MC_card_2_heroic.png;MC_card_1_heroic.png;MC_card_2_cute.png;54;1014;192;248;201;327;115;257;2732;165;247;399;766;94;67;163;15;11;11;9;385;18;1304;;2025-02-27 14:00:09;;1;0;22;22;0;0;0,36
357;;;starting_point;interview;2025-02-27 13:07:28;;;;1;;;;;;;;;;;;;;;;;;;;;;;;;;;;;;;;;;;;;;;;;;;;;;;;;;;;;;;32;2;;;;;;;;;;;;;;;;;;;;;;;;;;;;;;;;;;;3;7;;;;;;;;;;;;;;;;;;;;;10;;2025-02-27 13:07:38;;0;0;2;2;0;0;1,86
358;CASE000357;357;group2;interview;2025-02-27 13:07:38;24;2;4;;4;4;2;1;1;1;2;1;2;1;5;4;4;3;6;6;1;6;2;4;4;3;6;4;6;;2;2;1;2;1;1;1;3;1;2;1;2;1;2;2;1;2;1;1;1;2;2;2;1;2;1;1;1;;;4;9;10;14;5;11;6;15;12;8;1;3;13;7;2;card_4_heroic.jpg;card_9_cute.jpg;card_10_heroic.jpg;card_14_nothing.jpg;card_5_nothing.jpg;card_11_nothing.jpg;card_6_cute.jpg;card_15_cute.jpg;card_12_cute.jpg;card_8_nothing.jpg;card_1_heroic.png;card_3_cute.png;card_13_heroic.jpg;card_7_heroic.jpg;card_2_nothing.jpg;MC_card_2_cute.png;MC_card_1_heroic.png;MC_card_2_heroic.png;MC_card_1_cute.png;22;160;62;71;119;77;39;115;58;106;100;64;6923;47;148;53;98;16;50;5;5;30;1156;;2025-02-27 15:27:06;;1;0;22;22;13;3;0,58
360;;;starting_point;interview;2025-02-27 14:35:21;;;;1;;;;;;;;;;;;;;;;;;;;;;;;;;;;;;;;;;;;;;;;;;;;;;;;;;;;;;;32;3;;;;;;;;;;;;;;;;;;;;;;;;;;;;;;;;;;;1143;6;;;;;;;;;;;;;;;;;;;;;28;;2025-02-27 14:54:30;;0;0;2;2;0;0;0,43
361;CASE000360;360;group3;interview;2025-02-27 14:54:30;12;2;4;;2;5;1;1;1;1;1;1;2;1;4;3;2;4;5;7;7;5;4;6;7;4;5;5;7;;3;1;2;1;2;1;2;3;2;1;2;1;1;2;3;2;1;2;2;1;1;1;1;2;1;1;1;1;;;10;1;15;12;6;3;4;7;9;11;14;8;2;13;5;card_10_nothing.jpg;card_1_nothing.jpg;card_15_heroic.jpg;card_12_heroic.jpg;card_6_heroic.jpg;card_3_heroic.png;card_4_nothing.jpg;card_7_nothing.jpg;card_9_heroic.jpg;card_11_cute.jpg;card_14_cute.jpg;card_8_cute.jpg;card_2_cute.png;card_13_nothing.jpg;card_5_cute.jpg;MC_card_1_heroic.png;MC_card_1_cute.png;MC_card_2_cute.png;MC_card_2_heroic.png;38;74;41;55;64;36;55;44;52;38;44;55;46;73;47;67;14;14;34;14;4;32;870;;2025-02-27 15:10:11;;1;0;22;22;19;5;0,78
362;;;starting_point;interview;2025-02-27 15:20:03;;;;1;;;;;;;;;;;;;;;;;;;;;;;;;;;;;;;;;;;;;;;;;;;;;;;;;;;;;;;32;1;;;;;;;;;;;;;;;;;;;;;;;;;;;;;;;;;;;23;11;;;;;;;;;;;;;;;;;;;;;34;;2025-02-27 15:20:37;;0;0;2;2;0;0;0,69
363;CASE000362;362;group1;interview;2025-02-27 15:20:37;18;2;3;;4;4;4;1;1;2;2;2;2;1;2;5;4;6;4;6;3;6;4;4;6;3;4;2;2;;3;1;2;2;1;1;2;3;2;1;2;2;1;1;1;1;1;1;1;2;1;2;1;1;1;2;1;2;;;3;6;8;10;12;13;9;14;4;11;5;7;15;1;2;card_3_nothing.jpg;card_6_nothing.jpg;card_8_heroic.jpg;card_10_cute.jpg;card_12_nothing.jpg;card_13_cute.jpg;card_9_nothing.jpg;card_14_heroic.jpg;card_4_cute.png;card_11_heroic.jpg;card_5_heroic.jpg;card_7_cute.jpg;card_15_nothing.jpg;card_1_cute.png;card_2_heroic.jpg;MC_card_2_heroic.png;MC_card_2_cute.png;MC_card_1_cute.png;MC_card_1_heroic.png;34;75;62;78;53;28;50;33;33;28;45;29;43;28;20;19;17;13;8;10;3;13;722;;2025-02-27 15:32:39;;1;0;22;22;17;4;0,99
